-- phpMyAdmin SQL Dump
-- version 4.4.12
-- http://www.phpmyadmin.net
--
-- Хост: 127.0.0.1
-- Время создания: Апр 14 2016 г., 16:14
-- Версия сервера: 5.6.25
-- Версия PHP: 5.6.11

SET SQL_MODE = "NO_AUTO_VALUE_ON_ZERO";
SET time_zone = "+00:00";


/*!40101 SET @OLD_CHARACTER_SET_CLIENT=@@CHARACTER_SET_CLIENT */;
/*!40101 SET @OLD_CHARACTER_SET_RESULTS=@@CHARACTER_SET_RESULTS */;
/*!40101 SET @OLD_COLLATION_CONNECTION=@@COLLATION_CONNECTION */;
/*!40101 SET NAMES utf8mb4 */;

--
-- База данных: `itdept_071215`
--

-- --------------------------------------------------------

--
-- Структура таблицы `comp`
--

CREATE TABLE IF NOT EXISTS `comp` (
  `comp_id` int(25) NOT NULL,
  `comp_name` varchar(150) NOT NULL,
  `comp_type` int(10) NOT NULL,
  `comp_desc` varchar(255) NOT NULL
) ENGINE=InnoDB DEFAULT CHARSET=utf8;

-- --------------------------------------------------------

--
-- Структура таблицы `company`
--

CREATE TABLE IF NOT EXISTS `company` (
  `company_id` int(10) NOT NULL,
  `company_name` varchar(100) NOT NULL
) ENGINE=InnoDB AUTO_INCREMENT=11 DEFAULT CHARSET=utf8;

--
-- Дамп данных таблицы `company`
--

INSERT INTO `company` (`company_id`, `company_name`) VALUES
(1, 'БиоЛайн'),
(2, 'БиоСистемы'),
(8, 'ИнфоЛаб'),
(9, 'Медилайн'),
(10, 'Биомебель');

-- --------------------------------------------------------

--
-- Структура таблицы `department`
--

CREATE TABLE IF NOT EXISTS `department` (
  `department_id` int(11) NOT NULL,
  `company_id` int(10) NOT NULL,
  `department_name` varchar(100) NOT NULL
) ENGINE=InnoDB AUTO_INCREMENT=71 DEFAULT CHARSET=utf8;

--
-- Дамп данных таблицы `department`
--

INSERT INTO `department` (`department_id`, `company_id`, `department_name`) VALUES
(1, 1, 'IT отдел'),
(2, 1, 'Автохозяйство'),
(3, 1, 'Административный отдел'),
(4, 1, 'Бухгалтерия'),
(5, 1, 'Дирекция'),
(6, 1, 'Отдел гистологии/цитологии'),
(7, 1, 'Отдел диагностики инфекционных заболеваний'),
(8, 1, 'Отдел закупок и обеспечения таможенного оформления'),
(9, 1, 'Отдел логистики'),
(10, 1, 'Отдел мокроскопии и оборудования для цифровой патологии'),
(11, 1, 'Отдел оборудования для научных исследований'),
(12, 1, 'Отдел онкогематологии и иммунологии'),
(13, 1, 'Отдел по работе с клиентами'),
(14, 1, 'Отдел по работе с персоналом'),
(15, 1, 'Отдел продукции BDB для иммунологических лабораторий'),
(16, 1, 'Отдел продукции для диагностики туберкулеза'),
(17, 1, 'Отдел продукции для иммунологических и научно-исследовательских лабораторий'),
(18, 1, 'Отдел проточной цитометрии'),
(19, 1, 'Отдел регистрации медицинских изделий'),
(20, 1, 'Отдел рекламы'),
(21, 1, 'Отдел таможенного оформления'),
(22, 1, 'Отдел технического сервиса'),
(23, 1, 'Отдел цитогенетики'),
(24, 1, 'Секретариат'),
(25, 1, 'Склад'),
(26, 1, 'Тендерный отдел'),
(27, 1, 'Учебный центр по проточной цитометрии.'),
(28, 1, 'Отдел продаж гистологических/цитологических расходных материалов, реагентов и оборудования (ф.Москва'),
(29, 1, 'Отдел продаж реагентов, расходных материалов и оборудования для диагностики методом проточной цитоме'),
(30, 1, 'Отдел продаж (ф.Москва)'),
(31, 1, 'Отдел технического сервиса (ф.Москва)'),
(32, 1, 'Хозяйственный отдел (ф.Москва)'),
(33, 2, 'Финансовый отдел'),
(34, 1, 'Юридический отдел'),
(35, 2, 'Автохозяйство'),
(36, 2, 'Бухгалтерия'),
(37, 2, 'Дирекция'),
(38, 2, 'Отдел вакуумных систем для взятия крови и медицинских расходных материалов'),
(39, 2, 'Отдел закупок и обеспечения таможенного оформления'),
(40, 2, 'Отдел лабораторной мебели'),
(41, 2, 'Отдел логистики'),
(42, 2, 'Отдел медицинского оборудования'),
(43, 2, 'Отдел общелабораторного оборудования и комплексных проектов'),
(44, 2, 'Отдел по работе с клиентами'),
(45, 2, 'Отдел по работе с персоналом'),
(46, 2, 'Отдел приборов для работы в микропланшетном формате'),
(47, 2, 'Отдел регистрации медицинских изделий'),
(48, 2, 'Отдел рекламы'),
(49, 2, 'Отдел таможенного оформления'),
(50, 2, 'Отдел технического сервиса'),
(51, 2, 'Секретариат'),
(52, 2, 'Склад'),
(53, 2, 'Тендерный отдел'),
(54, 2, 'Дирекция (ф. Москва)'),
(55, 2, 'Отдел по работе с клиентами (ф. Москва)'),
(56, 2, 'Отдел продаж вакуумных систем для взятия кровии медицинских расходных материалов (ф. Москва)'),
(57, 2, 'Отдел продаж продаж медицинского и общелабораторного оборудования (ф. Москва)'),
(58, 2, 'Отдел технического сервиса (ф. Москва)'),
(59, 2, 'Юридический отдел'),
(60, 8, 'Бухгалтерия'),
(61, 8, 'Дирекция'),
(62, 8, 'Склад'),
(63, 9, 'Дирекция'),
(64, 9, 'Склад'),
(65, 1, 'Отдел иммуногистохимии и молекулярной диагностики в патоморфологии'),
(66, 1, 'Финансовый отдел'),
(67, 10, 'Администрация'),
(68, 10, 'Бухгалтерия'),
(69, 10, 'Отдел снабжения'),
(70, 1, 'Отдел комплексных проектов и поставок');

-- --------------------------------------------------------

--
-- Структура таблицы `groups`
--

CREATE TABLE IF NOT EXISTS `groups` (
  `gr_id` int(10) NOT NULL,
  `department_id` int(10) NOT NULL,
  `group_name` varchar(255) NOT NULL
) ENGINE=InnoDB AUTO_INCREMENT=21 DEFAULT CHARSET=utf8;

--
-- Дамп данных таблицы `groups`
--

INSERT INTO `groups` (`gr_id`, `department_id`, `group_name`) VALUES
(1, 6, 'Группа гистологического оборудования'),
(2, 6, 'Группа оборудования для моргов отдела гистологии/цитологии'),
(3, 6, 'Группа реагентов и расходных материалов'),
(4, 7, 'Группа диагностики пневмонии отдела диагностики инфекционных заболеваний'),
(5, 7, 'Группа продукции для диагностики ВИЧ-инфекций отдела диагностики инфекционных заболеваний'),
(6, 7, 'Группа продукции для диагностики туберкулеза отдела диагностики инфекционных заболеваний'),
(7, 7, 'Группа сопутствующей продукции для ВИЧ и ТБ лабораторий отдела диагностики инфекционных заболеваний'),
(8, 11, 'Группа приборов для работы в микропланшетном формате отдела оборудования для научных исследований'),
(9, 17, 'Группа приборов для работы в микропланшетном формате '),
(10, 18, 'Группа приборов для проточной цитометрии отдела проточной цитометрии'),
(11, 18, 'Группа реагентов для проточной цитометрии отдела проточной цитометрии'),
(12, 22, 'Группа по гистологии и микроскопии'),
(13, 22, 'Группа по проточным цитометрам отдела технического сервиса'),
(14, 30, 'Группа гистологии/цитологии филиал г.Москва'),
(15, 43, 'Группа ламинаров и центрифуг отдела общелабораторного оборудования и комплексных проектов'),
(16, 43, 'Группа термостатирующего оборудования и дезинфекции'),
(17, 43, 'Группа холодильного/морозильного оборудования и дозирующих устройств отдела общелабораторного оборудования и комплексных проектов'),
(18, 50, 'Группа по общелабораторному оборудованию'),
(19, 50, 'Группа по гистологии и микроскопии'),
(20, 50, 'Группа по проточной цитометрии');

-- --------------------------------------------------------

--
-- Структура таблицы `inner_users`
--

CREATE TABLE IF NOT EXISTS `inner_users` (
  `user_id` int(100) NOT NULL,
  `user_login` varchar(200) NOT NULL,
  `user_pass` varchar(200) NOT NULL,
  `active` tinyint(1) NOT NULL,
  `user_level` int(10) NOT NULL,
  `user_datereg` timestamp NOT NULL DEFAULT CURRENT_TIMESTAMP ON UPDATE CURRENT_TIMESTAMP,
  `salt` varchar(100) NOT NULL,
  `sid` varchar(100) NOT NULL,
  `user_name` varchar(45) NOT NULL,
  `user_surname` varchar(45) NOT NULL
) ENGINE=InnoDB AUTO_INCREMENT=89 DEFAULT CHARSET=utf8;

--
-- Дамп данных таблицы `inner_users`
--

INSERT INTO `inner_users` (`user_id`, `user_login`, `user_pass`, `active`, `user_level`, `user_datereg`, `salt`, `sid`, `user_name`, `user_surname`) VALUES
(1, 'grechko', '2db3c2f648513b49f90e60114098fda6', 1, 2, '2015-08-20 13:28:31', 'Zx|_X[R&', 'g75b9n3pqoi5gn6kfenootv8a3', 'Юрий', 'Гречко'),
(2, 'peskov', '0073d741ab5cde21fe4748a2c880b66d', 1, 2, '2015-07-24 08:15:05', 'ylxX@.?gS', 'ej7m910imo9a6vms0nevdao831', 'Сергей', 'Песков'),
(75, 'gvozdarev', 'ae341e55951e915d8aa18ac0b8c39efe', 1, 2, '2015-07-27 12:14:21', '>HIzKSM:', '54m709ji5cu3sglhrraibnhlk2', 'Андрей', 'Гвоздарев'),
(83, 'antonov', 'e358262da7b0d7a4468219c7fc7d4fcc', 1, 2, '2015-08-03 06:03:25', '7ND}.', 'gguv8u3t063vr6mc6vomjmqor3', 'Виктор', 'Антонов'),
(84, 'belskaya', '8d9cf0e0b2a7c736283a18b5e2eac041', 1, 3, '2015-07-30 09:20:55', '[r,g9r}L`f', '2sn0npag47j0jqraorht06sle7', 'Татьяна', 'Бельская'),
(85, 'moskovskaya', '914a115d56b600409e2c49e782e0b066', 1, 2, '2015-07-22 06:36:52', 'l.lMj}Og', 'heahb1v4a79qbnk3j1jbogvko0', 'Анна', 'Московская'),
(86, 'fedosova', '815fded088add6946aad8e0037502705', 1, 3, '2015-07-24 08:16:49', 'XHl2p', 'ej7m910imo9a6vms0nevdao831', 'Елена', 'Федосова'),
(87, 'semenov', 'ffaa0626891c19c05a75cbab40cc71c6', 1, 4, '2015-08-05 13:48:05', 'j,#~T', '', 'Александр', 'Семенов'),
(88, 'belskaya2', 'c52c0bb3ec1b1db6d837c69956b05e3b', 1, 3, '2015-12-08 06:52:50', 'n:KQ6.<$', '', 'Татьяна', 'Бельская 2');

-- --------------------------------------------------------

--
-- Структура таблицы `ip`
--

CREATE TABLE IF NOT EXISTS `ip` (
  `ip_id` int(11) NOT NULL,
  `staff_id` int(25) NOT NULL,
  `comp_id` int(25) NOT NULL,
  `ip` int(25) NOT NULL,
  `ip_desc` varchar(255) NOT NULL
) ENGINE=InnoDB DEFAULT CHARSET=utf8;

-- --------------------------------------------------------

--
-- Структура таблицы `levels`
--

CREATE TABLE IF NOT EXISTS `levels` (
  `level_id` int(100) NOT NULL,
  `level_name` varchar(255) NOT NULL
) ENGINE=InnoDB AUTO_INCREMENT=5 DEFAULT CHARSET=utf8;

--
-- Дамп данных таблицы `levels`
--

INSERT INTO `levels` (`level_id`, `level_name`) VALUES
(2, 'admin'),
(3, 'hr'),
(4, 'readonly');

-- --------------------------------------------------------

--
-- Структура таблицы `location`
--

CREATE TABLE IF NOT EXISTS `location` (
  `location_id` int(10) NOT NULL,
  `location_name` varchar(255) NOT NULL,
  `location_subnetwork` varchar(50) NOT NULL
) ENGINE=InnoDB AUTO_INCREMENT=18 DEFAULT CHARSET=utf8;

--
-- Дамп данных таблицы `location`
--

INSERT INTO `location` (`location_id`, `location_name`, `location_subnetwork`) VALUES
(1, 'Питер - офис', ''),
(2, 'Питер - лахта (склад, мебель)', ''),
(3, 'Питер - таможня', ''),
(4, 'Москва - офис', ''),
(5, 'Москва - склад', ''),
(6, 'Екатеринбург - офис', ''),
(7, 'Казань - офис', ''),
(8, 'Нижний Новгород - офис', ''),
(9, 'Новосибирск - офис', ''),
(10, 'Ростов-на-Дону - офис', ''),
(11, 'Самара - офис', ''),
(12, 'Сочи - офис', ''),
(13, 'Владивосток-офис', ''),
(14, 'Хабаровск-офис', ''),
(15, 'Челябинск-офис', ''),
(16, 'Киев-офис', ''),
(17, 'Минск-офис', '');

-- --------------------------------------------------------

--
-- Структура таблицы `loging`
--

CREATE TABLE IF NOT EXISTS `loging` (
  `id` int(11) NOT NULL,
  `tmlog` timestamp NOT NULL DEFAULT CURRENT_TIMESTAMP ON UPDATE CURRENT_TIMESTAMP,
  `login_id` int(50) NOT NULL,
  `moving` varchar(50) NOT NULL,
  `rzlt` varchar(255) NOT NULL,
  `vargroup` int(11) NOT NULL,
  `ipuser` varchar(150) NOT NULL
) ENGINE=InnoDB AUTO_INCREMENT=352 DEFAULT CHARSET=utf8;

--
-- Дамп данных таблицы `loging`
--

INSERT INTO `loging` (`id`, `tmlog`, `login_id`, `moving`, `rzlt`, `vargroup`, `ipuser`) VALUES
(1, '2015-07-15 10:32:11', 85, 'создание', 'Чуркин М. М.', 3, '192.168.0.77'),
(2, '2015-07-15 10:56:45', 85, 'создание', 'makumian', 1, '192.168.0.77'),
(3, '2015-07-15 11:01:40', 85, 'создание', 'chuburkin', 1, '192.168.0.77'),
(4, '2015-07-15 11:01:40', 85, 'создание', 'Чубуркин К. А.', 3, '192.168.0.77'),
(5, '2015-07-15 11:11:27', 2, 'удаление', 'chuburkin', 1, '192.168.0.77'),
(6, '2015-07-15 11:11:37', 2, 'редактирование', 'makumian', 1, '192.168.0.77'),
(7, '2015-07-15 11:11:52', 2, 'создание', 'antoshkina -> (samylina@bioline.ru, saarik@bioline.ru)', 2, '192.168.0.77'),
(8, '2015-07-15 11:12:03', 2, 'редактирование', 'antoshkina', 2, '192.168.0.77'),
(9, '2015-07-15 11:12:12', 2, 'мн. удаление', 'antoshkina', 2, '192.168.0.77'),
(10, '2015-07-17 07:28:18', 2, 'создание', 'Гагукян М. Ж.', 3, '192.168.0.77'),
(11, '2015-07-17 07:37:38', 2, 'создание', 'Фыв Ф. В.', 3, '192.168.0.77'),
(12, '2015-07-17 07:50:16', 2, 'создание', 'Фыв Ф. Ф.', 3, '192.168.0.77'),
(13, '2015-07-17 09:03:48', 2, 'создание', 'asdasd', 1, '192.168.0.77'),
(14, '2015-07-17 11:11:17', 2, 'создание', 'Фывфы В. Ф.', 3, '192.168.0.77'),
(15, '2015-07-17 11:12:22', 2, 'создание', 'Фывфы В. Ф.', 3, '192.168.0.77'),
(16, '2015-07-17 12:38:56', 2, 'создание', 'Фыв Ф. Ф.', 3, '192.168.0.77'),
(17, '2015-07-17 12:41:41', 2, 'создание', 'Фыв Ф. Ф.', 3, '192.168.0.77'),
(18, '2015-07-17 12:43:38', 2, 'создание', 'Фыв Ф. Ф.', 3, '192.168.0.77'),
(19, '2015-07-17 12:44:50', 2, 'создание', 'Козлов А. Г.', 3, '192.168.0.77'),
(20, '2015-07-17 13:13:07', 2, 'создание', 'Козл Ф. Ф.', 3, '192.168.0.77'),
(21, '2015-07-20 09:33:46', 83, 'удаление', 'safiullina', 2, '192.168.0.233'),
(22, '2015-07-20 09:41:20', 83, 'создание', 'fedjachkin', 1, '192.168.0.233'),
(23, '2015-07-20 09:43:44', 83, 'создание', 'korotkova', 1, '192.168.0.233'),
(24, '2015-07-20 10:44:24', 83, 'удаление', 'iokhelson', 2, '192.168.0.233'),
(25, '2015-07-20 12:00:42', 83, 'удаление', 'savelkova', 2, '192.168.0.233'),
(26, '2015-07-21 07:15:43', 83, 'удаление', 'khristichenko', 2, '192.168.0.233'),
(27, '2015-07-22 08:50:34', 1, 'создание', 'grechko -> (grechko@bioline.ru)', 2, '192.168.0.38'),
(28, '2015-07-22 08:51:34', 1, 'удаление', 'grechko', 2, '192.168.0.38'),
(29, '2015-07-22 14:25:31', 1, 'редактирование', 'grechko', 1, '192.168.0.38'),
(30, '2015-07-22 14:29:05', 1, 'редактирование', 'saarik', 1, '192.168.0.38'),
(31, '2015-07-23 06:42:40', 83, 'создание', 'romanova -> (romanova@bioline.ru)', 2, '192.168.0.233'),
(32, '2015-07-23 06:59:11', 1, 'редактирование', 'zarutskiy', 1, '192.168.0.38'),
(33, '2015-07-23 06:59:53', 1, 'редактирование', 'vasylieva', 1, '192.168.0.38'),
(34, '2015-07-23 10:55:00', 83, 'создание', 'microscopy', 1, '192.168.0.233'),
(35, '2015-07-23 12:37:54', 1, 'редактирование', 'izmaylova', 1, '192.168.0.38'),
(36, '2015-07-23 12:38:06', 1, 'редактирование', 'bikmaev', 1, '192.168.0.38'),
(37, '2015-07-23 12:38:36', 1, 'редактирование', 'aslanova', 1, '192.168.0.38'),
(38, '2015-07-23 12:38:46', 1, 'редактирование', 'zajcev', 1, '192.168.0.38'),
(39, '2015-07-23 12:38:53', 1, 'редактирование', 'stadnik', 1, '192.168.0.38'),
(40, '2015-07-23 12:46:08', 1, 'редактирование', 'prihodko', 1, '192.168.0.38'),
(41, '2015-07-23 12:46:16', 1, 'редактирование', 'dmitrieva_ma', 1, '192.168.0.38'),
(42, '2015-07-23 12:46:52', 1, 'редактирование', 'konshin', 1, '192.168.0.38'),
(43, '2015-07-23 12:47:06', 1, 'редактирование', 'dudakova', 1, '192.168.0.38'),
(44, '2015-07-23 12:47:35', 1, 'редактирование', 'pahomova', 1, '192.168.0.38'),
(45, '2015-07-23 12:48:01', 1, 'редактирование', 'andreeva', 1, '192.168.0.38'),
(46, '2015-07-23 12:48:43', 1, 'редактирование', 'samonina', 1, '192.168.0.38'),
(47, '2015-07-23 12:48:54', 1, 'редактирование', 'bobrov', 1, '192.168.0.38'),
(48, '2015-07-23 12:51:42', 1, 'редактирование', 'fedosova', 1, '192.168.0.38'),
(49, '2015-07-23 12:51:57', 1, 'редактирование', 'emelyanova', 1, '192.168.0.38'),
(50, '2015-07-23 13:16:22', 1, 'редактирование', 'krivko', 1, '192.168.0.38'),
(51, '2015-07-23 13:16:33', 1, 'редактирование', 'konstantinova', 1, '192.168.0.38'),
(52, '2015-07-23 13:17:02', 1, 'редактирование', 'ivashina', 1, '192.168.0.38'),
(53, '2015-07-23 13:17:16', 1, 'редактирование', 'ivanova_nv', 1, '192.168.0.38'),
(54, '2015-07-24 07:01:15', 83, 'создание', 'barkova -> (barkova@bioline.ru)', 2, '192.168.0.233'),
(55, '2015-07-24 14:35:35', 83, 'создание', 'blohin -> (blohin@bioline.ru)', 2, '192.168.0.233'),
(56, '2015-07-24 14:36:36', 83, 'создание', 'kapitonova -> (kapitonova@bioline.ru)', 2, '192.168.0.233'),
(57, '2015-07-27 06:24:17', 83, 'создание', 'dulaeva -> (dulaeva@bioline.ru)', 2, '192.168.0.233'),
(58, '2015-07-27 06:37:30', 1, 'редактирование', 'gvozdarev', 1, '192.168.0.40'),
(59, '2015-07-27 06:45:10', 83, 'удаление', 'samsonov', 2, '192.168.0.233'),
(60, '2015-07-27 09:14:33', 1, 'редактирование', 'izotov', 1, '192.168.0.38'),
(61, '2015-07-27 09:52:13', 1, 'создание', 'kodenuk -> (kodenjuk@rambler.ru, kodenuk@bioline.ru)', 2, '192.168.0.38'),
(62, '2015-07-27 12:17:51', 83, 'удаление', 'manuilova', 2, '192.168.0.233'),
(63, '2015-07-28 06:56:20', 83, 'удаление', 'shelkova', 2, '192.168.0.233'),
(64, '2015-07-28 13:26:29', 83, 'создание', 'dmitrieva_ev -> (dmitrieva_ev@bioline.ru)', 2, '192.168.0.233'),
(65, '2015-07-29 12:32:18', 83, 'создание', 'koblova -> (koblova@bioline.ru, hohlova@bioline.ru)', 2, '192.168.0.233'),
(66, '2015-07-30 09:24:57', 84, 'создание', 'boykova', 1, '192.168.0.6'),
(67, '2015-07-30 09:24:57', 84, 'создание', 'Бойкова ', 3, '192.168.0.6'),
(68, '2015-07-30 09:41:04', 84, 'создание', 'belyaeva_n', 1, '192.168.0.6'),
(69, '2015-07-30 09:41:04', 84, 'создание', 'Беляева ', 3, '192.168.0.6'),
(70, '2015-07-30 10:32:43', 84, 'создание', 'ahmadeeva', 1, '192.168.0.6'),
(71, '2015-07-31 14:37:17', 83, 'редактирование', 'gavrilova', 2, '192.168.0.233'),
(72, '2015-07-31 14:40:18', 83, 'удаление', 'nazarova', 2, '192.168.0.233'),
(73, '2015-07-31 14:40:36', 83, 'создание', 'pak -> (nazarova@bioline.ru, pak@bioline.ru)', 2, '192.168.0.233'),
(74, '2015-07-31 14:43:00', 83, 'создание', 'yakovleva_di -> (yakovleva_di@bioline.ru)', 2, '192.168.0.233'),
(75, '2015-08-03 11:32:22', 83, 'редактирование', 'kapitonova', 2, '192.168.0.233'),
(76, '2015-08-04 06:13:39', 83, 'удаление', 'kislov', 2, '192.168.0.233'),
(77, '2015-08-04 06:41:33', 83, 'создание', 'tatiannikova -> (tatiannikova@bioline.ru)', 2, '192.168.0.233'),
(78, '2015-08-04 12:43:43', 84, 'создание', 'silantieva', 1, '192.168.0.6'),
(79, '2015-08-04 12:43:43', 84, 'создание', 'Силантьева ', 3, '192.168.0.6'),
(80, '2015-08-05 08:16:31', 83, 'создание', 'stepanova -> (stepanova@bioline.ru)', 2, '192.168.0.233'),
(81, '2015-08-06 14:38:57', 1, 'редактирование', 'kravetsdm', 1, '192.168.0.38'),
(82, '2015-08-06 14:38:59', 1, 'редактирование', 'kravetsdm', 1, '192.168.0.38'),
(83, '2015-08-06 14:39:03', 1, 'редактирование', 'kravetsdm', 1, '192.168.0.38'),
(84, '2015-08-07 06:50:34', 83, 'создание', 'dengubenko -> (dengubenko@bioline.ru, shubaev@bioline.ru, knyazhetskaya@bioline.ru)', 2, '192.168.0.233'),
(85, '2015-08-07 13:38:07', 83, 'создание', 'duriagina -> (duriagina@bioline.ru, d.svetlana@list.ru)', 2, '192.168.0.233'),
(86, '2015-08-07 14:31:54', 83, 'создание', 'knyazhetskaya -> (knyazhetskaya@bioline.ru, shubaev@bioline.ru, dengubenko@bioline.ru)', 2, '192.168.0.233'),
(87, '2015-08-10 06:17:02', 83, 'удаление', 'blohin', 2, '192.168.0.233'),
(88, '2015-08-10 06:19:35', 83, 'создание', 'aleksandrova -> (aleksandrova@bioline.ru)', 2, '192.168.0.233'),
(89, '2015-08-10 06:29:04', 1, 'удаление', 'dengubenko', 2, '192.168.0.38'),
(90, '2015-08-10 06:56:02', 1, 'удаление', 'tagieva', 2, '192.168.0.38'),
(91, '2015-08-10 07:48:20', 1, 'удаление', 'barkova', 2, '192.168.0.38'),
(92, '2015-08-10 08:53:08', 1, 'удаление', 'dulaeva', 2, '192.168.0.38'),
(93, '2015-08-10 08:53:53', 1, 'удаление', 'romanova', 2, '192.168.0.38'),
(94, '2015-08-10 09:38:03', 83, 'удаление', 'yakovleva_di', 2, '192.168.0.233'),
(95, '2015-08-10 10:44:22', 83, 'удаление', 'dmitrieva_ev', 2, '192.168.0.233'),
(96, '2015-08-11 12:07:22', 83, 'создание', 'davydov', 1, '192.168.0.233'),
(97, '2015-08-13 07:33:07', 83, 'удаление', 'kapitonova', 2, '192.168.0.233'),
(98, '2015-08-14 09:20:21', 84, 'создание', 'ruymin', 1, '192.168.0.6'),
(99, '2015-08-14 09:20:21', 84, 'создание', 'Руймин ', 3, '192.168.0.6'),
(100, '2015-08-17 06:30:58', 83, 'создание', 'leshchauskene -> (leshchauskene@bioline.ru)', 2, '192.168.0.233'),
(101, '2015-08-17 06:31:49', 83, 'создание', 'hohlova -> (hohlova@bioline.ru)', 2, '192.168.0.233'),
(102, '2015-08-17 06:32:22', 83, 'создание', 'shelkova -> (shelkova@bioline.ru)', 2, '192.168.0.233'),
(103, '2015-08-17 07:02:54', 83, 'удаление', 'gavrilova', 2, '192.168.0.233'),
(104, '2015-08-17 07:12:00', 83, 'редактирование', 'kozlova', 2, '192.168.0.233'),
(105, '2015-08-17 07:39:14', 83, 'удаление', 'pak', 2, '192.168.0.233'),
(106, '2015-08-17 08:07:12', 83, 'создание', 'rogoulskiy -> (rogoulskiy@bioline.ru)', 2, '192.168.0.233'),
(107, '2015-08-17 08:11:02', 83, 'редактирование', 'rogoulskiy', 2, '192.168.0.233'),
(108, '2015-08-17 09:35:09', 83, 'создание', 'skotnikova -> (skotnikova@bioline.ru)', 2, '192.168.0.233'),
(109, '2015-08-17 10:33:41', 83, 'редактирование', 'skotnikova', 2, '192.168.0.233'),
(110, '2015-08-17 10:35:52', 83, 'удаление', 'kozlova', 2, '192.168.0.233'),
(111, '2015-08-17 11:33:14', 83, 'создание', 'papko -> (papko@bioline.ru)', 2, '192.168.0.233'),
(112, '2015-08-17 14:29:46', 83, 'создание', 'polushkina -> (gavrilova@bioline.ru)', 2, '192.168.0.233'),
(113, '2015-08-18 10:15:07', 83, 'редактирование', 'tatiannikova', 2, '192.168.0.233'),
(114, '2015-08-19 11:39:36', 86, 'создание', 'xxx', 1, '192.168.0.6'),
(115, '2015-08-19 11:39:36', 86, 'создание', 'Козлова ', 3, '192.168.0.6'),
(116, '2015-08-19 12:00:09', 86, 'создание', 'Козлова ', 3, '192.168.0.6'),
(117, '2015-08-20 06:14:11', 83, 'создание', 'kanyuka -> (kanyuka@bioline.ru)', 2, '192.168.0.233'),
(118, '2015-08-20 06:16:11', 83, 'создание', 'kravchenko_di -> (kravchenko_di@bioline.ru)', 2, '192.168.0.233'),
(119, '2015-08-20 08:44:01', 84, 'создание', 'medvedeva', 1, '192.168.0.6'),
(120, '2015-08-20 08:44:01', 84, 'создание', 'Медведева ', 3, '192.168.0.6'),
(121, '2015-08-20 08:53:54', 84, 'создание', 'bogdanova', 1, '192.168.0.6'),
(122, '2015-08-20 08:53:54', 84, 'создание', 'Богданова ', 3, '192.168.0.6'),
(123, '2015-08-21 07:17:01', 83, 'удаление', 'stepanova', 2, '192.168.0.233'),
(124, '2015-08-21 12:35:56', 86, 'создание', 'mitrofanov', 1, '192.168.0.6'),
(125, '2015-08-21 12:35:56', 86, 'создание', 'Митрофанов ', 3, '192.168.0.6'),
(126, '2015-08-24 05:55:36', 83, 'создание', 'dmitrieva_ev -> (dmitrieva_ev@bioline.ru)', 2, '192.168.0.233'),
(127, '2015-08-24 06:54:15', 83, 'удаление', 'knyazhetskaya', 2, '192.168.0.233'),
(128, '2015-08-24 13:36:30', 83, 'создание', 'artamohina -> (artamohina@bioline.ru)', 2, '192.168.0.233'),
(129, '2015-08-26 06:01:52', 83, 'удаление', 'papko', 2, '192.168.0.233'),
(130, '2015-08-26 06:12:00', 83, 'создание', 'knyazhetskaya -> (knyazhetskaya@bioline.ru, shubaev@bioline.ru, dengubenko@bioline.ru)', 2, '192.168.0.233'),
(131, '2015-08-26 08:31:05', 83, 'редактирование', 'knyazhetskaya', 2, '192.168.0.233'),
(132, '2015-08-26 09:26:47', 83, 'создание', 'volkova -> (volkova@bioline.ru)', 2, '192.168.0.233'),
(133, '2015-08-27 06:02:51', 83, 'удаление', 'knyazhetskaya', 2, '192.168.0.233'),
(134, '2015-08-27 06:03:54', 83, 'создание', 'shubaev -> (shubaev@bioline.ru, knyazhetskaya@bioline.ru, dengubenko@bioline.ru)', 2, '192.168.0.233'),
(135, '2015-08-28 07:34:46', 1, 'редактирование', 'shubaev', 2, '192.168.0.31'),
(136, '2015-08-28 07:36:07', 83, 'редактирование', 'shubaev', 2, '192.168.0.233'),
(137, '2015-08-28 07:39:26', 1, 'редактирование', 'shubaev', 2, '192.168.0.31'),
(138, '2015-08-28 07:57:47', 84, 'создание', 'frolova', 1, '192.168.0.6'),
(139, '2015-08-28 07:57:47', 84, 'создание', 'Фролова ', 3, '192.168.0.6'),
(140, '2015-08-28 08:02:51', 84, 'создание', 'merkurieva', 1, '192.168.0.6'),
(141, '2015-08-28 08:02:51', 84, 'создание', 'Меркурьева ', 3, '192.168.0.6'),
(142, '2015-08-28 08:21:44', 83, 'редактирование', 'shubaev', 2, '192.168.0.233'),
(143, '2015-08-28 10:13:34', 84, 'создание', 'smirnova_s', 1, '192.168.0.6'),
(144, '2015-08-28 10:13:34', 84, 'создание', 'Смирнова ', 3, '192.168.0.6'),
(145, '2015-08-28 10:16:22', 84, 'создание', 'leontieva', 1, '192.168.0.6'),
(146, '2015-08-28 10:16:22', 84, 'создание', 'Леонтьева ', 3, '192.168.0.6'),
(147, '2015-08-28 10:21:23', 84, 'создание', 'kondakova', 1, '192.168.0.6'),
(148, '2015-08-28 10:21:23', 84, 'создание', 'Кондакова ', 3, '192.168.0.6'),
(149, '2015-08-28 11:13:13', 83, 'создание', 'bazyleva -> (bazyleva@bioline.ru)', 2, '192.168.0.233'),
(150, '2015-08-31 06:06:55', 83, 'создание', 'laskina -> (laskina@bioline.ru)', 2, '192.168.0.233'),
(151, '2015-08-31 07:06:38', 83, 'удаление', 'shelkova', 2, '192.168.0.233'),
(152, '2015-08-31 08:36:25', 83, 'удаление', 'hohlova', 2, '192.168.0.233'),
(153, '2015-08-31 09:42:15', 83, 'создание', 'ipatieva -> (ipatieva@bioline.ru)', 2, '192.168.0.233'),
(154, '2015-08-31 09:42:54', 83, 'создание', 'stepanova -> (stepanova@bioline.ru)', 2, '192.168.0.233'),
(155, '2015-08-31 12:41:21', 83, 'удаление', 'leshchauskene', 2, '192.168.0.233'),
(156, '2015-09-01 06:38:02', 83, 'создание', 'dubovoy', 1, '192.168.0.233'),
(157, '2015-09-01 06:38:02', 83, 'создание', 'Дубовой ', 3, '192.168.0.233'),
(158, '2015-09-01 07:58:34', 83, 'удаление', 'rogoulskiy', 2, '192.168.0.233'),
(159, '2015-09-01 08:56:22', 83, 'удаление', 'volkova', 2, '192.168.0.233'),
(160, '2015-09-01 10:50:46', 83, 'удаление', 'aleksandrova', 2, '192.168.0.233'),
(161, '2015-09-01 10:50:58', 83, 'удаление', 'skotnikova', 2, '192.168.0.233'),
(162, '2015-09-01 10:57:44', 84, 'создание', 'gaysarova', 1, '192.168.0.6'),
(163, '2015-09-01 10:57:44', 84, 'создание', 'Гайсарова ', 3, '192.168.0.6'),
(164, '2015-09-01 11:00:33', 84, 'создание', 'gracheva_k', 1, '192.168.0.6'),
(165, '2015-09-01 11:00:33', 84, 'создание', 'Грачева ', 3, '192.168.0.6'),
(166, '2015-09-02 12:04:10', 83, 'создание', 'garifullina -> (garifullina@bioline.ru, ivanenko@bioline.ru)', 2, '192.168.0.233'),
(167, '2015-09-03 10:27:54', 84, 'создание', 'sadikov', 1, '192.168.0.6'),
(168, '2015-09-03 10:27:54', 84, 'создание', 'Садыков ', 3, '192.168.0.6'),
(169, '2015-09-03 11:00:47', 83, 'удаление', 'artamohina', 2, '192.168.0.233'),
(170, '2015-09-04 06:30:58', 83, 'удаление', 'dmitrieva_ev', 2, '192.168.0.233'),
(171, '2015-09-04 08:24:03', 1, 'редактирование', 'kanyuka', 2, '192.168.0.38'),
(172, '2015-09-04 08:24:12', 1, 'удаление', 'kanyuka', 2, '192.168.0.38'),
(173, '2015-09-04 10:07:10', 1, 'редактирование', 'zherdev', 1, '192.168.0.38'),
(174, '2015-09-04 10:07:11', 1, 'редактирование', 'zherdev', 1, '192.168.0.38'),
(175, '2015-09-04 10:07:13', 1, 'редактирование', 'zherdev', 1, '192.168.0.38'),
(176, '2015-09-07 06:05:06', 83, 'создание', 'konstantinova -> (konstantinova@bioline.ru)', 2, '192.168.0.233'),
(177, '2015-09-07 06:05:51', 83, 'создание', 'ustaeva -> (ustaeva@bioline.ru, krivko@bioline.ru)', 2, '192.168.0.233'),
(178, '2015-09-07 06:28:04', 83, 'удаление', 'laskina', 2, '192.168.0.233'),
(179, '2015-09-07 06:40:22', 83, 'удаление', 'ipatieva', 2, '192.168.0.233'),
(180, '2015-09-07 06:40:55', 83, 'удаление', 'stepanova', 2, '192.168.0.233'),
(181, '2015-09-07 06:41:28', 83, 'удаление', 'kravchenko_di', 2, '192.168.0.233'),
(182, '2015-09-07 10:33:05', 83, 'создание', 'stepanin -> (stepanin@bioline.ru, barkova@bioline.ru)', 2, '192.168.0.233'),
(183, '2015-09-09 08:27:07', 84, 'создание', 'ruzhenkova', 1, '192.168.0.6'),
(184, '2015-09-09 08:27:07', 84, 'создание', 'Руженкова ', 3, '192.168.0.6'),
(185, '2015-09-10 08:01:55', 1, 'удаление', 'shubaev', 2, '192.168.0.38'),
(186, '2015-09-10 10:04:07', 1, 'создание', 'elsukova -> (kuznetsova@bioline.ru)', 2, '192.168.0.38'),
(187, '2015-09-11 06:21:28', 83, 'создание', 'ipatieva -> (ipatieva@bioline.ru)', 2, '192.168.0.233'),
(188, '2015-09-11 06:27:35', 83, 'создание', 'laskina -> (laskina@bioline.ru)', 2, '192.168.0.233'),
(189, '2015-09-11 09:30:22', 84, 'создание', 'tereschenko', 1, '192.168.0.6'),
(190, '2015-09-11 09:30:22', 84, 'создание', 'Терещенко ', 3, '192.168.0.6'),
(191, '2015-09-11 09:36:51', 84, 'создание', 'dolgareva', 1, '192.168.0.6'),
(192, '2015-09-11 09:36:52', 84, 'создание', 'Долгарева ', 3, '192.168.0.6'),
(193, '2015-09-11 11:37:06', 83, 'редактирование', 'laskina', 2, '192.168.0.233'),
(194, '2015-09-11 14:37:09', 83, 'создание', 'dengubenko -> (dengubenko@bioline.ru, shubaev@bioline.ru, knyazhetskaya@bioline.ru)', 2, '192.168.0.233'),
(195, '2015-09-14 06:31:44', 83, 'удаление', 'konstantinova', 2, '192.168.0.233'),
(196, '2015-09-14 10:21:07', 1, 'редактирование', 'karpov', 2, '192.168.0.38'),
(197, '2015-09-15 06:13:46', 83, 'создание', 'volkova -> (volkova@bioline.ru)', 2, '192.168.0.233'),
(198, '2015-09-15 07:20:24', 83, 'создание', 'test', 1, '192.168.0.233'),
(199, '2015-09-15 07:28:00', 83, 'редактирование', 'test', 1, '192.168.0.233'),
(200, '2015-09-15 07:28:05', 83, 'удаление', 'test', 1, '192.168.0.233'),
(201, '2015-09-15 07:28:29', 83, 'создание', 'test', 1, '192.168.0.233'),
(202, '2015-09-15 11:36:12', 83, 'удаление', 'test', 1, '192.168.0.233'),
(203, '2015-09-18 14:28:04', 86, 'создание', 'neverova', 1, '192.168.0.6'),
(204, '2015-09-18 14:28:04', 86, 'создание', 'Неверова ', 3, '192.168.0.6'),
(205, '2015-09-21 06:31:36', 1, 'создание', 'solntseva -> (solntseva@bioline.ru)', 2, '192.168.0.38'),
(206, '2015-09-21 06:32:12', 1, 'редактирование', 'tatiannikova', 2, '192.168.0.38'),
(207, '2015-09-21 11:17:25', 83, 'создание', 'test', 1, '192.168.0.233'),
(208, '2015-09-22 11:35:40', 84, 'создание', 'avakyan', 1, '192.168.0.6'),
(209, '2015-09-22 11:35:40', 84, 'создание', 'Авакян ', 3, '192.168.0.6'),
(210, '2015-09-22 14:20:35', 83, 'создание', 'service -> (service@bioline.ru, vasylieva@bioline.ru, gracheva@bioline.ru)', 2, '192.168.0.233'),
(211, '2015-09-23 06:17:52', 83, 'создание', 'dudkina -> (dudkina@bioline.ru)', 2, '192.168.0.233'),
(212, '2015-09-23 07:18:16', 83, 'редактирование', 'tereschenko', 1, '192.168.0.233'),
(213, '2015-09-23 07:33:28', 83, 'создание', 'tereschenko_t', 1, '192.168.0.233'),
(214, '2015-09-23 13:05:05', 84, 'создание', 'melchakova', 1, '192.168.0.6'),
(215, '2015-09-23 13:05:05', 84, 'создание', 'Мельчакова ', 3, '192.168.0.6'),
(216, '2015-09-23 13:11:44', 84, 'создание', 'gorobec', 1, '192.168.0.6'),
(217, '2015-09-23 13:11:44', 84, 'создание', 'Горобец ', 3, '192.168.0.6'),
(218, '2015-09-24 05:19:51', 83, 'создание', 'dmitrieva_av -> (dmitrieva_av@bioline.ru, sidyakina@bioline.ru)', 2, '192.168.0.233'),
(219, '2015-09-24 13:06:32', 83, 'удаление', 'tereschenko', 1, '192.168.0.233'),
(220, '2015-09-25 06:06:58', 83, 'удаление', 'volkova', 2, '192.168.0.233'),
(221, '2015-09-28 06:32:31', 83, 'удаление', 'dengubenko', 2, '192.168.0.233'),
(222, '2015-09-28 07:03:55', 83, 'удаление', 'samonina', 2, '192.168.0.233'),
(223, '2015-09-28 07:17:54', 1, 'удаление', 'ipatieva', 2, '192.168.0.38'),
(224, '2015-09-28 09:49:26', 1, 'редактирование', 'chekushkin', 1, '192.168.0.38'),
(225, '2015-09-28 09:49:48', 1, 'редактирование', 'chekushkin', 1, '192.168.0.38'),
(226, '2015-09-28 09:49:48', 1, 'редактирование', 'chekushkin', 1, '192.168.0.38'),
(227, '2015-09-30 06:08:48', 83, 'удаление', 'laskina', 2, '192.168.0.233'),
(228, '2015-10-01 07:02:48', 83, 'создание', 'zajceva', 1, '192.168.0.233'),
(229, '2015-10-01 07:03:40', 83, 'создание', 'yakovleva_di -> (yakovleva_di@bioline.ru, zajceva@bioline.ru)', 2, '192.168.0.233'),
(230, '2015-10-01 11:47:22', 1, 'редактирование', 'silantieva', 1, '192.168.0.38'),
(231, '2015-10-01 13:48:25', 1, 'удаление', 'solntseva', 2, '192.168.0.38'),
(232, '2015-10-02 08:24:48', 83, 'удаление', 'ustaeva', 2, '192.168.0.233'),
(233, '2015-10-05 06:52:57', 1, 'создание', 'emelyanova -> (emelyanova@bioline.ru)', 2, '192.168.0.38'),
(234, '2015-10-05 10:22:08', 84, 'создание', 'batushevskaya', 1, '192.168.0.6'),
(235, '2015-10-05 10:22:08', 84, 'создание', 'Батушевская ', 3, '192.168.0.6'),
(236, '2015-10-05 11:00:48', 83, 'редактирование', 'kodenuk', 2, '192.168.0.233'),
(237, '2015-10-05 15:07:31', 84, 'создание', 'bezuglaya', 1, '192.168.0.6'),
(238, '2015-10-05 15:07:31', 84, 'создание', 'Безуглая ', 3, '192.168.0.6'),
(239, '2015-10-05 15:11:15', 84, 'создание', 'ochirova', 1, '192.168.0.6'),
(240, '2015-10-05 15:11:15', 84, 'создание', 'Очирова ', 3, '192.168.0.6'),
(241, '2015-10-06 11:56:33', 84, 'создание', 'kazachenko', 1, '192.168.0.6'),
(242, '2015-10-06 11:56:33', 84, 'создание', 'Казаченко ', 3, '192.168.0.6'),
(243, '2015-10-06 12:13:47', 84, 'создание', 'ziryanova', 1, '192.168.0.6'),
(244, '2015-10-06 12:13:47', 84, 'создание', 'Зырянова ', 3, '192.168.0.6'),
(245, '2015-10-06 12:20:09', 84, 'создание', 'soboleva', 1, '192.168.0.6'),
(246, '2015-10-06 12:20:09', 84, 'создание', 'Соболева ', 3, '192.168.0.6'),
(247, '2015-10-07 07:58:12', 83, 'удаление', 'dudkina', 2, '192.168.0.233'),
(248, '2015-10-07 08:28:01', 83, 'удаление', 'dmitrieva_av', 2, '192.168.0.233'),
(249, '2015-10-07 09:08:32', 84, 'создание', 'ivanova_m', 1, '192.168.0.6'),
(250, '2015-10-07 09:08:32', 84, 'создание', 'Иванова ', 3, '192.168.0.6'),
(251, '2015-10-08 07:42:48', 84, 'создание', 'shevchenko_y', 1, '192.168.0.6'),
(252, '2015-10-08 07:42:48', 84, 'создание', 'Шевченко ', 3, '192.168.0.6'),
(253, '2015-10-09 11:27:22', 84, 'создание', 'kiseleva', 1, '192.168.0.6'),
(254, '2015-10-09 11:27:22', 84, 'создание', 'Киселева ', 3, '192.168.0.6'),
(255, '2015-10-12 07:26:57', 83, 'удаление', 'emelyanova', 2, '192.168.0.233'),
(256, '2015-10-12 11:17:52', 84, 'создание', 'Гончаров ', 3, '192.168.0.6'),
(257, '2015-10-15 08:56:18', 86, 'создание', 'suvorkina', 1, '192.168.0.6'),
(258, '2015-10-15 08:56:18', 86, 'создание', 'Суворкина ', 3, '192.168.0.6'),
(259, '2015-10-15 13:32:25', 86, 'создание', 'trebnikov', 1, '192.168.0.6'),
(260, '2015-10-15 13:32:25', 86, 'создание', 'Требников ', 3, '192.168.0.6'),
(261, '2015-10-19 06:16:22', 83, 'создание', 'kislov -> (kislov@bioline.ru)', 2, '192.168.0.233'),
(262, '2015-10-20 10:36:14', 1, 'редактирование', 'samsonov', 1, '192.168.0.38'),
(263, '2015-10-20 11:21:03', 83, 'создание', 'mukhina', 1, '192.168.0.233'),
(264, '2015-10-21 06:16:32', 83, 'создание', 'samsonov -> (samsonov@bioline.ru, kravchenko_di@bioline.ru)', 2, '192.168.0.233'),
(265, '2015-10-22 07:14:00', 84, 'создание', 'Угненко ', 3, '192.168.0.6'),
(266, '2015-10-26 12:32:50', 83, 'редактирование', 'boykova', 1, '192.168.0.233'),
(267, '2015-10-26 12:33:35', 83, 'создание', 'boykova -> (boykova@bioline.ru)', 2, '192.168.0.233'),
(268, '2015-11-02 07:09:00', 83, 'удаление', 'kislov', 2, '192.168.0.233'),
(269, '2015-11-02 08:29:08', 83, 'создание', 'vasylieva -> (vasylieva@bioline.ru)', 2, '192.168.0.233'),
(270, '2015-11-02 14:17:30', 84, 'создание', 'bashkirova', 1, '192.168.0.6'),
(271, '2015-11-02 14:17:30', 84, 'создание', 'Башкирова ', 3, '192.168.0.6'),
(272, '2015-11-06 06:07:59', 83, 'создание', 'mukhametgaleeva -> (mukhametgaleeva@bioline.ru, leshchauskene@bioline.ru)', 2, '192.168.0.233'),
(273, '2015-11-09 06:48:30', 83, 'удаление', 'vasylieva', 2, '192.168.0.233'),
(274, '2015-11-10 11:07:30', 83, 'создание', 'lapina', 1, '192.168.0.233'),
(275, '2015-11-10 11:10:00', 83, 'создание', 'leontieva -> (leontieva@bioline.ru, lapina@bioline.ru)', 2, '192.168.0.233'),
(276, '2015-11-10 11:10:47', 1, 'создание', 'knyazhetskaya -> (knyazhetskaya@bioline.ru, shubaev@bioline.ru, dengubenko@bioline.ru)', 2, '192.168.0.38'),
(277, '2015-11-11 07:02:51', 1, 'удаление', 'knyazhetskaya', 2, '192.168.0.38'),
(278, '2015-11-11 12:15:39', 83, 'редактирование', 'kozlova', 1, '192.168.0.233'),
(279, '2015-11-12 08:10:45', 83, 'создание', 'kozlova -> (kozlova@bioline.ru, service@bioline.ru)', 2, '192.168.0.233'),
(280, '2015-11-13 06:18:26', 83, 'создание', 'dengubenko -> (dengubenko@bioline.ru, shubaev@bioline.ru, knyazhetskaya@bioline.ru)', 2, '192.168.0.233'),
(281, '2015-11-13 14:20:34', 83, 'создание', 'polyakova', 1, '192.168.0.233'),
(282, '2015-11-16 06:45:07', 83, 'удаление', 'dengubenko', 2, '192.168.0.233'),
(283, '2015-11-16 10:16:48', 86, 'создание', 'kutsenko', 1, '192.168.0.6'),
(284, '2015-11-16 10:16:48', 86, 'создание', 'Куценко ', 3, '192.168.0.6'),
(285, '2015-11-16 12:37:22', 84, 'создание', 'golomolzina', 1, '192.168.0.6'),
(286, '2015-11-16 12:37:22', 84, 'создание', 'Голомолзина ', 3, '192.168.0.6'),
(287, '2015-11-16 13:06:20', 84, 'создание', 'nevedomskaya', 1, '192.168.0.6'),
(288, '2015-11-16 13:06:20', 84, 'создание', 'Неведомская ', 3, '192.168.0.6'),
(289, '2015-11-17 07:26:40', 1, 'создание', 'itdept', 1, '192.168.0.38'),
(290, '2015-11-24 13:12:20', 83, 'создание', 'kapitonova -> (kapitonova@bioline.ru)', 2, '192.168.0.233'),
(291, '2015-11-27 11:01:15', 84, 'создание', 'bildanova', 1, '192.168.0.61'),
(292, '2015-11-27 11:01:15', 84, 'создание', 'Бильданова ', 3, '192.168.0.61'),
(293, '2015-11-30 09:21:50', 83, 'удаление', 'kapitonova', 2, '192.168.0.233'),
(294, '2015-12-01 06:50:20', 83, 'создание', 'dulepova', 1, '192.168.0.233'),
(295, '2015-12-01 06:51:28', 83, 'создание', 'kapitonova -> (kapitonova@bioline.ru, dulepova@bioline.ru)', 2, '192.168.0.233'),
(296, '2015-12-03 06:36:48', 86, 'создание', 'smirnov', 1, '192.168.0.6'),
(297, '2015-12-03 06:36:48', 86, 'создание', 'Смирнов ', 3, '192.168.0.6'),
(298, '2015-12-03 13:42:48', 84, 'создание', 'korshunov', 1, '192.168.0.61'),
(299, '2015-12-03 13:42:48', 84, 'создание', 'Коршунов ', 3, '192.168.0.61'),
(300, '2015-12-03 13:43:23', 84, 'создание', 'korshunov_', 1, '192.168.0.61'),
(301, '2015-12-03 13:43:23', 84, 'создание', 'Коршунов ', 3, '192.168.0.61'),
(302, '2015-12-07 09:24:35', 83, 'удаление', 'korshunov_', 1, '192.168.0.233'),
(303, '2015-12-14 07:41:16', 2, 'создание', 'asdjljkl', 1, '192.168.6.23'),
(304, '2015-12-14 07:41:18', 2, 'создание', 'Петров П. П.', 3, '192.168.6.23'),
(305, '2015-12-14 08:31:54', 2, 'создание', 'petrovtri', 1, '192.168.6.23'),
(306, '2015-12-14 08:31:54', 2, 'создание', 'Петровтри П. П.', 3, '192.168.6.23'),
(307, '2015-12-14 08:40:00', 2, 'создание', 'peotioi1o1', 1, '192.168.6.23'),
(308, '2015-12-14 08:40:01', 2, 'создание', 'Петровпять П. П.', 3, '192.168.6.23'),
(309, '2015-12-14 08:43:00', 2, 'создание', 'megga', 1, '192.168.6.23'),
(310, '2015-12-14 08:43:00', 2, 'создание', 'Петровшесть П. П.', 3, '192.168.6.23'),
(311, '2015-12-14 10:28:53', 2, 'создание', 'lkifi', 1, '192.168.6.23'),
(312, '2015-12-14 10:28:54', 2, 'создание', 'Петровдвдвд П. П.', 3, '192.168.6.23'),
(313, '2015-12-14 10:40:37', 2, 'создание', 'askjl', 1, '192.168.6.23'),
(314, '2015-12-14 10:40:38', 2, 'создание', 'ААОло Ф. Ф.', 3, '192.168.6.23'),
(315, '2015-12-14 10:49:06', 2, 'создание', 'lalaooss', 1, '192.168.6.23'),
(316, '2015-12-14 10:49:06', 2, 'создание', 'Петровки А. Ф.', 3, '192.168.6.23'),
(317, '2015-12-14 10:50:55', 2, 'создание', 'olloof', 1, '192.168.6.23'),
(318, '2015-12-14 10:50:55', 2, 'создание', 'Фывфоолд Ф. Ф.', 3, '192.168.6.23'),
(319, '2015-12-14 10:52:32', 2, 'создание', 'olloof11', 1, '192.168.6.23'),
(320, '2015-12-14 10:52:32', 2, 'создание', 'Фывфоолд Ф. Ф.', 3, '192.168.6.23'),
(321, '2015-12-14 11:32:37', 2, 'создание', 'uguug', 1, '192.168.6.23'),
(322, '2015-12-14 11:32:37', 2, 'создание', 'УГгугл У. У.', 3, '192.168.6.23'),
(323, '2015-12-14 11:36:32', 2, 'создание', 'logogogo', 1, '192.168.6.23'),
(324, '2015-12-14 11:36:32', 2, 'создание', 'Гугугмяк В. В.', 3, '192.168.6.23'),
(325, '2015-12-14 11:39:21', 2, 'создание', 'maamlk', 1, '192.168.6.23'),
(326, '2015-12-14 11:39:21', 2, 'создание', 'Петровна П. П.', 3, '192.168.6.23'),
(327, '2015-12-14 12:10:04', 2, 'создание', 'petrovi', 1, '192.168.6.23'),
(328, '2015-12-14 12:10:04', 2, 'создание', 'Петрови А. Г.', 3, '192.168.6.23'),
(329, '2015-12-14 12:26:07', 2, 'создание', 'peterovov', 1, '192.168.6.23'),
(330, '2015-12-14 12:26:08', 2, 'создание', 'Петеровов А. А.', 3, '192.168.6.23'),
(331, '2015-12-22 15:42:50', 2, 'создание', 'fyvfasdad', 1, '192.168.6.23'),
(332, '2015-12-22 15:42:51', 2, 'создание', 'Фывф Ф. Ф.', 3, '192.168.6.23'),
(333, '2015-12-22 15:45:03', 2, 'создание', 'fyvfvfyyyy', 1, '192.168.6.23'),
(334, '2015-12-22 15:45:03', 2, 'создание', 'Фывфвфыыыы Ф. Ф.', 3, '192.168.6.23'),
(335, '2015-12-23 06:38:37', 2, 'создание', 'zvon-ko', 1, '192.168.6.23'),
(336, '2015-12-23 06:38:38', 2, 'создание', 'Звонько И. А.', 3, '192.168.6.23'),
(337, '2015-12-23 08:18:40', 2, 'создание', 'fonerkin', 1, '192.168.6.23'),
(338, '2015-12-23 08:18:41', 2, 'создание', 'Фонеркин А. Г.', 3, '192.168.6.23'),
(339, '2015-12-23 08:20:30', 2, 'создание', 'Амаркаев А. А.', 3, '192.168.6.23'),
(340, '2015-12-23 08:23:28', 2, 'создание', 'Армакян А. А.', 3, '192.168.6.23'),
(341, '2015-12-23 08:58:10', 2, 'создание', 'petrenko', 1, '192.168.6.23'),
(342, '2015-12-23 08:58:11', 2, 'создание', 'Петренко А. Ф.', 3, '192.168.6.23'),
(343, '2015-12-23 09:16:10', 2, 'редактирование', 'petrenko', 1, '192.168.6.23'),
(344, '2016-02-08 08:30:22', 2, 'создание', 'araniev', 1, '127.0.0.1'),
(345, '2016-02-08 08:30:25', 2, 'создание', 'Араниев А. А.', 3, '127.0.0.1'),
(346, '2016-02-08 08:46:24', 2, 'создание', 'funtik', 1, '127.0.0.1'),
(347, '2016-02-08 08:46:25', 2, 'создание', 'Фунтик Ш. А.', 3, '127.0.0.1'),
(348, '2016-02-08 08:52:39', 2, 'редактирование', 'zhigulev8999', 1, '127.0.0.1'),
(349, '2016-03-01 12:18:28', 2, 'редактирование', 'grechko', 2, '127.0.0.1'),
(350, '2016-03-01 12:24:16', 2, 'редактирование', 'grechko', 2, '127.0.0.1'),
(351, '2016-03-18 08:21:31', 2, 'создание', 'bikmaev_office', 1, '127.0.0.1');

-- --------------------------------------------------------

--
-- Структура таблицы `operations`
--

CREATE TABLE IF NOT EXISTS `operations` (
  `oper_id` int(100) NOT NULL,
  `oper_connect_id` int(5) NOT NULL,
  `oper_create_post` tinyint(1) NOT NULL,
  `oper_view_post` tinyint(1) NOT NULL,
  `oper_correct_post` tinyint(1) NOT NULL,
  `oper_create_forw` tinyint(1) NOT NULL,
  `oper_view_forw` tinyint(1) NOT NULL,
  `oper_correct_forw` tinyint(1) NOT NULL,
  `oper_view_staff` tinyint(1) NOT NULL,
  `oper_create_staff` tinyint(1) NOT NULL,
  `oper_correct_staff` tinyint(1) NOT NULL,
  `komment_group` varchar(255) NOT NULL
) ENGINE=InnoDB AUTO_INCREMENT=4 DEFAULT CHARSET=utf8;

--
-- Дамп данных таблицы `operations`
--

INSERT INTO `operations` (`oper_id`, `oper_connect_id`, `oper_create_post`, `oper_view_post`, `oper_correct_post`, `oper_create_forw`, `oper_view_forw`, `oper_correct_forw`, `oper_view_staff`, `oper_create_staff`, `oper_correct_staff`, `komment_group`) VALUES
(1, 2, 1, 1, 1, 1, 1, 1, 1, 1, 1, ''),
(2, 3, 1, 1, 0, 0, 0, 0, 1, 1, 1, 'Отдел персонала'),
(3, 4, 0, 1, 0, 0, 1, 0, 1, 0, 0, '');

-- --------------------------------------------------------

--
-- Структура таблицы `postusers`
--

CREATE TABLE IF NOT EXISTS `postusers` (
  `post_id` int(10) NOT NULL,
  `post_name` varchar(255) NOT NULL,
  `post_sort` int(10) NOT NULL
) ENGINE=InnoDB AUTO_INCREMENT=99 DEFAULT CHARSET=utf8;

--
-- Дамп данных таблицы `postusers`
--

INSERT INTO `postusers` (`post_id`, `post_name`, `post_sort`) VALUES
(1, 'Генеральный директор', 1000),
(2, 'Зам. ген. директора по маркетингу и прод. БС', 900),
(3, 'Зам. ген. директора по маркетингу и прод. БЛ', 900),
(4, 'Заместитель ген. директора', 900),
(5, 'Финансовый директор', 900),
(6, 'Директор IT', 900),
(7, 'Технический директор', 900),
(8, 'Директор по развитию диагностической продукции', 900),
(9, 'Директор по маркетингу  и  продажам  продукции для гистологии/цитологии', 900),
(10, 'Директор по маркетингу и продажам общелабораторного оборудования', 900),
(11, 'Директор по административно-хозяйственным    вопросам', 900),
(12, 'Директор по развитию региональных продаж / Директор филиала ', 900),
(13, 'Помощник генерального директора', 800),
(14, 'Руководитель отдела', 800),
(15, 'Руководитель группы', 700),
(16, 'Руководитель учебного центра', 700),
(17, 'Руководитель группы (Sуstec, Shellab)', 700),
(18, 'Руководитель отдела закупок', 800),
(19, 'Начальник склада', 900),
(20, 'Главный бухгалтер', 900),
(21, 'Заместитель главного бухгалтера', 850),
(22, 'Директор филиала', 900),
(23, 'Директор', 900),
(24, 'Секретарь офиса', 400),
(25, 'Водитель-экспедитор ', 400),
(26, 'Менеджер по работе с клиентами', 400),
(27, 'Специалист', 500),
(28, 'Ведущий специалист', 600),
(29, 'Специалист (ассистент)', 400),
(30, 'Менеджер по продажам', 450),
(31, 'Специалист по микроскопам', 550),
(32, 'Специалист по реагентам для иммунологии и науки', 550),
(33, 'Специалист по реагентам для онкологии/онкогематологии', 550),
(34, 'Ведущий специалист (приборы)', 650),
(35, 'Ведущий специалист (реагенты)', 650),
(36, 'Старший менеджер', 650),
(37, 'Ведущий специалист (Meteka и дез средства)', 650),
(38, 'Дизайнер-конструктор', 500),
(39, 'Специалист ОЛО', 550),
(40, 'Инспектор по кадрам', 500),
(41, 'Младший юрисконсульт', 400),
(42, 'Юрисконсульт', 500),
(43, 'Заместитель руководителя отдела', 850),
(44, 'Дизайнер', 550),
(45, 'Ведущий специалист 1С', 650),
(46, 'Системный администратор', 650),
(47, 'Помощник системного администратора', 500),
(48, 'Специалист 1С', 500),
(49, 'Администратор', 550),
(50, 'Сервис-инженер', 500),
(51, 'Зам.руководителя по таможенному оформлению грузов', 850),
(52, 'Специалист по таможенному оформлению', 550),
(53, 'Заместитель начальника склада', 850),
(54, 'Бухгалтер по учету ТМЦ', 550),
(55, 'Оператор склада', 400),
(56, 'Старший кладовщик ', 650),
(57, 'Кладовщик - водитель электропогрузчика', 400),
(58, 'Кладовщик ', 400),
(59, 'Финансовый менеджер', 500),
(60, 'Бухгалтер', 500),
(61, 'Бухгалтер-кассир', 450),
(62, 'Заместитель директора филиала', 850),
(63, 'Специалист по работе с сайтом', 100),
(64, 'Кладовщик/водитель-экспедитор', 400),
(65, 'Менеджер по продажам лабораторной мебели и общелабораторного оборудования', 550),
(66, 'Менеджер по сопровождению продаж медицинской и лабораторной мебели', 550),
(67, 'Менеджер по продажам (гистология/цитология)', 555),
(68, 'Ведущий специалист (приборы для научных исследований)', 650),
(69, 'Менеджер по продажам (реагенты для клинической диагностики)', 550),
(70, 'Менеджер по продажам (вакуумные системы для взятия крови)', 550),
(71, 'Менеджер по работе с ключевыми клиентами', 600),
(72, 'Менеджер по развитию региональных продаж', 625),
(73, 'Сервис-инженер (проточная цитометрия)', 575),
(74, 'Сервис-инженер (гистология и микроскопия)', 550),
(75, 'Сервис-инженер (общелабораторное оборудование)', 500),
(76, 'Менеджер по продажам (проточная цитометрия)', 560),
(77, 'Менеджер по логистике', 600),
(78, 'Специалист по продукции BDB', 550),
(79, 'Сервис-инженер (продукция BDB)', 600),
(80, 'Заместитель директора по производству', 850),
(81, 'Технолог', 600),
(82, 'Начальник участка сборки новых изделий и организации монтажа лабораторной мебели', 800),
(83, 'Специалист по снабжению', 650),
(84, 'Заведующий складом', 700),
(95, 'Менеджер по продажам мед. оборудования для акушерства и гинекологии', 500),
(96, 'Менеджер по продажам два', 100),
(97, 'Менеджер по продажам три', 100),
(98, 'Специалистдва', 100);

-- --------------------------------------------------------

--
-- Структура таблицы `staff`
--

CREATE TABLE IF NOT EXISTS `staff` (
  `staff_id` int(10) NOT NULL,
  `staff_name` varchar(255) NOT NULL,
  `staff_secondname` varchar(255) NOT NULL,
  `staff_lastname` varchar(255) NOT NULL,
  `staff_company_id` int(10) NOT NULL,
  `staff_depart_id` int(10) NOT NULL,
  `staff_dop_otdel` int(10) NOT NULL,
  `staff_group_id` int(10) NOT NULL,
  `staff_active` tinyint(1) NOT NULL,
  `staff_formsignd` timestamp NOT NULL DEFAULT CURRENT_TIMESTAMP ON UPDATE CURRENT_TIMESTAMP,
  `staff_enterdate` timestamp NOT NULL DEFAULT '0000-00-00 00:00:00',
  `staff_ats` int(3) NOT NULL,
  `staff_mobnumber` varchar(50) NOT NULL,
  `staff_post` int(10) NOT NULL,
  `staff_dopcomp1` int(10) NOT NULL,
  `staff_dopcomp2` int(10) NOT NULL,
  `staff_location` int(10) NOT NULL,
  `staff_datedeactive` timestamp NOT NULL DEFAULT '0000-00-00 00:00:00',
  `staff_typedeactive` varchar(10) NOT NULL,
  `staff_avatar` varchar(255) NOT NULL,
  `staff_dr` int(200) NOT NULL,
  `staff_profile_infoline` int(10) NOT NULL
) ENGINE=InnoDB AUTO_INCREMENT=290 DEFAULT CHARSET=utf8;

--
-- Дамп данных таблицы `staff`
--

INSERT INTO `staff` (`staff_id`, `staff_name`, `staff_secondname`, `staff_lastname`, `staff_company_id`, `staff_depart_id`, `staff_dop_otdel`, `staff_group_id`, `staff_active`, `staff_formsignd`, `staff_enterdate`, `staff_ats`, `staff_mobnumber`, `staff_post`, `staff_dopcomp1`, `staff_dopcomp2`, `staff_location`, `staff_datedeactive`, `staff_typedeactive`, `staff_avatar`, `staff_dr`, `staff_profile_infoline`) VALUES
(1, 'Александр', 'Владимирович', 'Семенов', 1, 5, 0, 0, 1, '2015-12-14 14:45:09', '2015-06-21 21:00:00', 0, '+7(921) 967-15-40', 1, 2, 10, 1, '0000-00-00 00:00:00', '', '77_4f2776d9e3664.jpg', 14943600, 6),
(2, 'Оксана', 'Евгеньевна', 'Дулаева', 2, 37, 0, 0, 1, '2015-12-14 14:45:09', '2015-06-21 21:00:00', 0, '+7(921) 950-34-81', 0, 0, 0, 1, '0000-00-00 00:00:00', '', '20140617165413824.jpg', 3970800, 7),
(3, 'Ольга', 'Станиславовна', 'Солнцева', 1, 5, 0, 0, 1, '2015-12-14 14:45:09', '2015-06-21 21:00:00', 0, '+7(921) 904-88-75', 0, 0, 0, 1, '0000-00-00 00:00:00', '', '', 0, 8),
(4, 'Людмила', 'Леонидовна', 'Каюкова', 1, 5, 0, 0, 1, '2015-12-14 14:45:09', '2015-06-22 18:00:00', 0, '+7(921) 967-41-61', 0, 0, 0, 1, '0000-00-00 00:00:00', '', '80_4f2292d60b7ce.jpg', 27550800, 9),
(5, 'Светлана', 'Евгеньевна', 'Ласкина', 1, 5, 0, 0, 1, '2015-12-14 14:45:09', '2015-06-22 18:00:00', 0, '+7(921) 947-33-09', 0, 0, 0, 1, '0000-00-00 00:00:00', '', '81_4f277c7bab9f9.jpg', 29192400, 10),
(6, 'Андрей', 'Владимирович', 'Гвоздарёв', 1, 5, 0, 0, 1, '2015-12-14 14:45:09', '2015-06-22 18:00:00', 0, '+7(921) 771-76-16', 0, 0, 0, 1, '0000-00-00 00:00:00', '', '66_4f2293512c53b.jpg', 4136400, 2),
(7, 'Олег', 'Иванович', 'Христиченко', 1, 5, 0, 0, 1, '2015-12-14 14:45:09', '2015-06-22 18:00:00', 0, '+7(921) 967-41-12', 0, 0, 0, 1, '0000-00-00 00:00:00', '', '83_4f28c8ea56009.jpg', 27723600, 12),
(8, 'Андрей', 'Владимирович', 'Евтеев', 1, 5, 0, 0, 1, '2015-12-07 14:32:11', '2015-06-22 18:00:00', 0, '+7(920) 294-88-70', 0, 0, 0, 8, '0000-00-00 00:00:00', '', '84_4f2293c397e97.jpg', 14850000, 13),
(9, 'Павел', 'Владимирович', 'Кислов', 1, 5, 0, 0, 1, '2015-12-14 14:45:09', '2015-06-22 18:00:00', 0, '+7(921) 889-21-30', 0, 0, 0, 1, '0000-00-00 00:00:00', '', '102_4f2a817a3ddfe.jpg', 10530000, 26),
(10, 'марина', 'Олеговна', 'Дмитриева', 2, 37, 0, 0, 1, '2015-12-14 14:45:09', '2015-06-21 21:00:00', 0, '+7(921) 640-68-37', 0, 0, 0, 1, '0000-00-00 00:00:00', '', '121_4f2a8831738a2.jpg', 13302000, 37),
(11, 'Владимир', 'Анатольевич', 'Коденюк', 1, 5, 0, 0, 1, '2015-12-14 14:45:09', '2015-06-22 18:00:00', 0, '+7(921) 421-17-60', 0, 0, 0, 1, '0000-00-00 00:00:00', '', '20140610140454310.jpg', 29192400, 49),
(12, 'Алексей', 'Александрович', 'Семенов', 1, 5, 0, 0, 1, '2015-12-14 14:47:02', '2015-06-21 21:00:00', 428, '+7(926) 007-63-31', 12, 0, 0, 4, '0000-00-00 00:00:00', '', '164_52b17c9150848.jpg', 26175600, 64),
(13, 'Анна', 'евгеньевна', 'Шелкова', 1, 24, 0, 0, 1, '2015-12-14 14:45:09', '2015-06-22 18:00:00', 0, '+7(921) 421-22-28', 0, 0, 0, 1, '0000-00-00 00:00:00', '', '20140922164230150.jpg', 10962000, 22),
(14, 'Геляна', 'Константиновна', 'Дермилинова', 1, 51, 0, 0, 1, '2015-12-14 14:45:09', '2015-06-21 21:00:00', 0, '', 0, 0, 0, 1, '0000-00-00 00:00:00', '', '20141029092106612.jpg', 12171600, 220),
(15, 'Илона', 'вячеславовна', 'Хворова', 1, 24, 0, 0, 1, '2015-12-14 14:45:09', '2015-06-22 18:00:00', 0, '', 0, 0, 0, 1, '0000-00-00 00:00:00', '', '20140901134733303.jpg', 75600, 18),
(16, 'Антон', 'Павлович', 'Иванов', 1, 2, 0, 0, 1, '2015-12-14 14:45:09', '2015-06-22 18:00:00', 0, '+7(921) 358-12-28', 0, 0, 0, 1, '0000-00-00 00:00:00', '', '101_4f2a7f1fd9802.jpg', 31093200, 25),
(17, 'Денис', 'Константинович', 'Давыдов', 1, 2, 0, 0, 1, '2015-12-07 14:32:12', '2015-06-22 18:00:00', 0, '+7(921) 446-64-89', 0, 0, 0, 1, '0000-00-00 00:00:00', '', '', 0, 263),
(18, 'Сергей', 'Владимирович', 'Львович', 1, 2, 0, 0, 1, '2015-12-07 14:32:12', '2015-06-22 18:00:00', 0, '+7(921) 395-02-22', 0, 0, 0, 1, '0000-00-00 00:00:00', '', '255_52e7aae65234d.jpg', 4482000, 101),
(19, 'Ирина', 'Александровна', 'Жогина', 1, 13, 0, 0, 1, '2015-12-14 14:45:09', '2015-06-22 18:00:00', 0, '', 0, 0, 0, 1, '0000-00-00 00:00:00', '', '199_500f88ada72cc.jpg', 13986000, 42),
(20, 'Наталия', 'Анатольевна', 'Ефимова', 1, 13, 0, 0, 1, '2015-12-14 14:45:09', '2015-06-21 21:00:00', 0, '', 0, 0, 0, 1, '0000-00-00 00:00:00', '', '', 0, 156),
(21, 'Ирина', 'Викторовна', 'Артамохина', 1, 6, 0, 3, 1, '2015-12-14 14:45:09', '2015-06-22 18:00:00', 0, '+7(921) 422-03-55', 0, 0, 0, 1, '0000-00-00 00:00:00', '', '107_4f2a82ea97cf7.jpg', 27378000, 30),
(22, 'Ксения', 'Константиновна', 'Архипова', 1, 6, 0, 3, 1, '2015-12-14 14:45:09', '2015-06-22 18:00:00', 0, '', 0, 0, 0, 1, '2015-10-04 21:00:00', '0', '', 29624400, 0),
(23, 'Елена', 'Алексеевна', 'Степанова', 1, 6, 0, 3, 1, '2015-12-14 14:45:09', '2015-06-22 18:00:00', 0, '+7(921) 565-90-72', 0, 0, 0, 1, '0000-00-00 00:00:00', '', '20150330105606159.jpg', 7592400, 158),
(24, 'Олга', 'Александровна', 'Гаврилова', 1, 6, 0, 1, 1, '2015-12-14 14:45:09', '2015-06-22 18:00:00', 0, '+7(921) 941-18-32', 0, 0, 0, 1, '0000-00-00 00:00:00', '', '', 0, 0),
(25, 'Полина', 'Евгеньевна', 'Ипатьева', 1, 6, 0, 1, 1, '2015-12-14 14:45:09', '2015-06-22 18:00:00', 0, '', 0, 0, 0, 1, '0000-00-00 00:00:00', '', '20140915093157637.jpg', 31438800, 195),
(26, 'Виктория', 'Сергеевна', 'Мудрая', 1, 6, 0, 1, 1, '2015-12-14 14:45:09', '2015-06-22 18:00:00', 0, '+7(921) 759-23-58', 0, 0, 0, 1, '0000-00-00 00:00:00', '', '281_52bbba7e71f1b.jpg', 28242000, 83),
(29, 'Елена', 'Владимировна', 'Василевская', 1, 6, 0, 2, 1, '2015-12-14 14:45:09', '2015-06-22 18:00:00', 0, '+7(921) 345-99-81', 0, 0, 0, 1, '0000-00-00 00:00:00', '', '106_4f2a82a1d6aa8.jpg', 6642000, 29),
(30, 'Ольга', 'Сергеевна', 'Бегас', 1, 65, 0, 0, 1, '2015-12-14 14:45:09', '2015-06-22 18:00:00', 0, '+7(921) 408-97-88', 0, 0, 0, 1, '0000-00-00 00:00:00', '', '104_4f2a820c142e4.jpg', 4741200, 28),
(31, 'Ирина', 'Васильевна', 'Саарик', 1, 65, 0, 0, 1, '2015-12-14 14:45:09', '2015-06-22 18:00:00', 0, '+7(931) 211-76-82', 0, 0, 0, 1, '0000-00-00 00:00:00', '', '348_526f875db40b5.jpg', 4309200, 142),
(32, 'Александр', 'Вадимович', 'Папко', 1, 10, 0, 0, 1, '2015-12-14 14:45:09', '2015-06-22 18:00:00', 0, '+7(921) 582-54-81', 0, 0, 0, 1, '0000-00-00 00:00:00', '', '103_4f2a81ca5174a.jpg', 5778000, 27),
(33, 'Александр', 'Вадимович', 'Папко', 1, 10, 0, 0, 1, '2015-12-14 14:45:09', '2015-06-22 18:00:00', 0, '+7(921) 582-54-81', 0, 0, 0, 1, '0000-00-00 00:00:00', '', '103_4f2a81ca5174a.jpg', 5778000, 27),
(34, 'Иван', 'Сергеевич', 'Павлов', 1, 10, 0, 0, 1, '2015-12-14 14:45:09', '2015-06-22 18:00:00', 0, '+7(921) 565-85-68', 0, 0, 0, 1, '0000-00-00 00:00:00', '', '20150615160228227.jpg', 5086800, 192),
(35, 'Константин', 'Сергеевич', 'Блохин', 1, 10, 0, 0, 1, '2015-12-14 14:45:09', '2015-06-22 18:00:00', 0, '+7(931) 205-83-65', 0, 0, 0, 1, '0000-00-00 00:00:00', '', '201_4f90349a53f3e.jpg', 23230800, 60),
(36, 'Елена', 'Вячеславовна', 'Елисеева', 1, 18, 0, 10, 1, '2015-12-14 14:45:09', '2015-06-22 18:00:00', 0, '+7(931) 286-14-14', 0, 0, 0, 1, '0000-00-00 00:00:00', '', '', 0, 270),
(38, 'Галина', 'Алексеевна', 'Кислик', 1, 18, 0, 10, 1, '2015-12-14 14:45:09', '2015-06-22 18:00:00', 0, '', 0, 0, 0, 1, '0000-00-00 00:00:00', '', '20140929150033550.jpg', 7419600, 206),
(39, 'Светлана', 'Анатольевна', 'Кузнецова', 1, 18, 0, 0, 1, '2015-12-14 14:45:09', '2015-06-22 18:00:00', 0, '+7(921) 446-64-54', 0, 0, 0, 1, '0000-00-00 00:00:00', '', '', 15973200, 102),
(40, 'Любовь', 'Андреевна', 'Купрова', 1, 18, 0, 11, 1, '2015-12-14 14:45:09', '2015-06-22 18:00:00', 0, '', 0, 0, 0, 1, '0000-00-00 00:00:00', '', '', 0, 289),
(41, 'Виолетта', 'Игоревна', 'Пак', 1, 18, 0, 11, 1, '2015-12-14 14:45:09', '2015-06-22 18:00:00', 0, '', 0, 0, 0, 1, '0000-00-00 00:00:00', '', '20141212095554250.jpg', 1976400, 224),
(42, 'Инга', 'Валерьевна', 'Назарова', 1, 18, 0, 11, 1, '2015-12-14 14:45:09', '2015-06-22 18:00:00', 0, '', 0, 0, 0, 1, '0000-00-00 00:00:00', '', '20150311170817151.jpg', 6037200, 209),
(43, 'Иван', 'Сергеевич', 'Дьячков', 1, 27, 0, 0, 1, '2015-12-14 14:45:09', '2015-06-22 18:00:00', 0, '+7(921) 889-21-40', 0, 0, 0, 1, '0000-00-00 00:00:00', '', '233_501a5e9c16d5b.jpg', 13208400, 92),
(44, 'Александра', 'Александровна', 'Дзись-Войнаровская', 1, 11, 0, 0, 1, '2015-12-14 14:45:09', '2015-06-22 18:00:00', 0, '+7(921) 771-76-56', 0, 0, 0, 1, '0000-00-00 00:00:00', '', '20140512150852310.jpg', 6642000, 148),
(45, 'Александра', 'Сергеевна', 'Алексеева', 1, 11, 0, 8, 1, '2015-12-14 14:45:09', '2015-06-21 21:00:00', 0, '+7(921) 904-88-70', 0, 0, 0, 1, '0000-00-00 00:00:00', '', '20140605165334430.jpg', 8456400, 0),
(46, 'Екатерина', 'Сергеевна', 'Егорова', 1, 11, 0, 8, 1, '2015-12-14 14:45:09', '2015-06-22 18:00:00', 0, '+7(921) 412-02-68', 0, 0, 0, 1, '0000-00-00 00:00:00', '', '20141015171321594.jpg', 15627600, 217),
(47, 'Татьяна', 'Сергеевна', 'Елсукова', 1, 7, 0, 0, 1, '2015-12-14 14:45:09', '2015-06-21 21:00:00', 0, '+7(921) 424-32-51', 0, 0, 0, 1, '2015-11-01 21:00:00', '1', '115_4f2a861ef0a46.jpg', 8629200, 0),
(48, 'Олег', 'Викторович', 'Черников', 1, 18, 0, 11, 1, '2015-12-07 14:32:14', '2015-06-21 21:00:00', 0, '+7(924) 420-66-62', 0, 0, 0, 1, '0000-00-00 00:00:00', '', '', 0, 297),
(49, 'Татьяна', 'Сергеевна', 'Елсукова', 1, 7, 0, 0, 1, '2015-12-14 14:45:09', '2015-06-22 18:00:00', 0, '+7(921) 424-32-51', 0, 0, 0, 1, '0000-00-00 00:00:00', '', '115_4f2a861ef0a46.jpg', 8629200, 0),
(50, 'Светлана', 'Александровна', 'Дюрягина', 1, 7, 0, 5, 1, '2015-12-14 14:45:09', '2015-06-22 18:00:00', 0, '+7(921) 887-70-43', 0, 0, 0, 1, '0000-00-00 00:00:00', '', '273_50a2a552b53c9.jpg', 21330000, 105),
(51, 'Ирина', 'Николаевна', 'Ефимова', 1, 7, 0, 5, 1, '2015-12-14 14:45:09', '2015-06-22 18:00:00', 0, '', 0, 0, 0, 1, '0000-00-00 00:00:00', '', '20140616161000462.jpg', 20206800, 99),
(52, 'Наталья', 'Олеговна', 'Рымарева', 1, 7, 0, 7, 1, '2015-12-14 14:45:09', '2015-06-22 18:00:00', 0, '+7(921) 640-68-55', 0, 0, 0, 1, '0000-00-00 00:00:00', '', '117_4f2a86a42dd77.jpg', 8888400, 35),
(53, 'Татьяна', 'Алексеевна', 'Петрова', 1, 7, 0, 4, 1, '2015-12-14 14:45:09', '2015-06-22 18:00:00', 0, '+7(921) 409-24-06', 0, 0, 0, 1, '0000-00-00 00:00:00', '', '113_4f2a856281b61.jpg', 13726800, 32),
(54, 'Анна', 'Андреевна', 'Баркова', 2, 43, 0, 16, 1, '2015-12-14 14:45:09', '2015-06-22 18:00:00', 0, '+1(921) 386-26-88', 0, 0, 0, 1, '0000-00-00 00:00:00', '', '123_4f2a88adc96bb.jpg', 5605200, 39),
(55, 'Зоя', 'Михайловна', 'Иохельсон', 2, 43, 0, 16, 1, '2015-12-14 14:45:09', '2015-06-22 18:00:00', 0, '+7(921) 449-11-97', 0, 0, 0, 1, '0000-00-00 00:00:00', '', '20140617160315967.jpg', 11998800, 125),
(56, 'Елена', 'Витальевна', 'Дмитриева', 2, 43, 0, 16, 1, '2015-12-14 14:45:09', '2015-06-22 18:00:00', 0, '+7(921) 889-22-36', 0, 0, 0, 1, '0000-00-00 00:00:00', '', '122_528dce03b67c5.jpg', 5864400, 38),
(57, 'Елена', 'Николаевна', 'Лешчаускене', 2, 43, 0, 17, 1, '2015-12-14 14:45:09', '2015-06-22 18:00:00', 0, '+7(921) 386-26-57', 0, 0, 0, 1, '0000-00-00 00:00:00', '', '', 0, 0),
(58, 'Ирина', 'Витальевна', 'Мухаматгалеева', 2, 43, 0, 17, 1, '2015-12-14 14:45:09', '2015-06-22 18:00:00', 0, '+7(921) 889-75-41', 0, 0, 0, 1, '0000-00-00 00:00:00', '', '', 0, 0),
(59, 'Наталья', 'Сергеевна', 'Кучер-Денисенко', 2, 40, 0, 0, 1, '2015-12-14 14:45:09', '2015-06-22 18:00:00', 0, '+7(921) 429-71-45', 0, 0, 0, 1, '0000-00-00 00:00:00', '', '87_4f2a809a56076.jpg', 24354000, 16),
(60, 'Наталья', 'Викторовна', 'Иванова', 2, 40, 0, 0, 1, '2015-12-14 14:45:09', '2015-06-21 21:00:00', 0, '', 0, 0, 0, 1, '0000-00-00 00:00:00', '', '20150625110751822.jpg', -10800, 279),
(61, 'Орест', 'Сергеевич', 'Дубосарский', 2, 40, 0, 0, 1, '2015-12-14 14:45:09', '2015-06-22 18:00:00', 0, '', 0, 0, 0, 1, '0000-00-00 00:00:00', '', '', 0, 0),
(62, 'Олеся', 'Николаевна', 'Приходько', 2, 40, 0, 0, 1, '2015-12-07 14:32:15', '2015-06-22 18:00:00', 0, '', 0, 0, 0, 1, '0000-00-00 00:00:00', '', '20150629091257651.jpg', 0, 298),
(63, 'Григорий', 'Вячеславович', 'Зайцев', 2, 40, 0, 0, 1, '2015-12-14 14:45:09', '2015-06-22 18:00:00', 0, '', 0, 0, 0, 1, '0000-00-00 00:00:00', '', '', 0, 302),
(64, 'Дмитрий', 'игоревич', 'Кравченко', 2, 42, 0, 0, 1, '2015-12-14 14:45:09', '2015-06-22 18:00:00', 0, '+7(921) 563-03-80', 0, 0, 0, 1, '0000-00-00 00:00:00', '', '20140718181848157.jpg', 17182800, 190),
(65, 'Сергей', 'Викторович', 'Самсонов', 2, 42, 0, 0, 1, '2015-12-14 14:45:09', '2015-06-22 18:00:00', 0, '+7(921) 429-71-44', 0, 0, 0, 1, '0000-00-00 00:00:00', '', '20140606155300420.jpg', 16837200, 0),
(66, 'Андрей', 'Владимирович', 'Карпов', 2, 42, 0, 0, 1, '2015-12-14 14:45:09', '2015-06-21 21:00:00', 0, '+7(921) 412-08-76', 0, 0, 0, 1, '2015-08-20 21:00:00', '0', '127_4f2a89da76752.jpg', 4741200, 0),
(67, 'Людмила', 'Валерьевна', 'Путинцева', 2, 38, 0, 0, 1, '2015-12-14 14:45:09', '2015-06-21 21:00:00', 0, '+7(921) 180-52-90', 0, 0, 0, 1, '0000-00-00 00:00:00', '1', '', 0, 0),
(68, 'Ольга', 'Петровна', 'Кравец', 2, 38, 0, 0, 1, '2015-12-14 14:45:09', '2015-06-21 21:00:00', 0, '+7(921) 859-47-66', 0, 0, 0, 1, '0000-00-00 00:00:00', '', '', 0, 98),
(69, 'Ксения', 'Александровна', 'Федечкина', 2, 38, 0, 0, 1, '2015-12-14 14:45:09', '2015-06-22 18:00:00', 0, '+7(921) 856-37-43', 0, 0, 0, 1, '2015-11-01 21:00:00', '0', '20150202170234758.jpg', 5173200, 0),
(70, 'Диана', 'Вадимовна', 'Макарова', 2, 38, 0, 0, 1, '2015-12-14 14:45:09', '2015-06-22 18:00:00', 0, '', 0, 0, 0, 1, '0000-00-00 00:00:00', '', '', 0, 210),
(71, 'Татьяна', 'Сергеевна', 'Мануйлова', 2, 44, 0, 0, 1, '2015-12-14 14:45:09', '2015-06-22 18:00:00', 0, '+7(921) 904-88-45', 0, 0, 0, 1, '0000-00-00 00:00:00', '', '124_4f2a88f83e821.jpg', 6987600, 40),
(72, 'Дарья', 'Игоревна', 'Яковлева', 2, 44, 0, 0, 1, '2015-12-14 14:45:09', '2015-06-22 18:00:00', 0, '', 0, 0, 0, 1, '0000-00-00 00:00:00', '', '', 20725200, 0),
(73, 'Анна', 'Евгеньевна', 'Базылева', 2, 44, 0, 0, 1, '2015-12-14 14:45:09', '2015-06-21 21:00:00', 0, '', 0, 0, 0, 1, '2015-06-28 21:00:00', '0', '', 0, 0),
(74, 'Ирина', 'Владимировна', 'Константинова', 2, 44, 0, 0, 1, '2015-12-14 14:45:09', '2015-06-22 18:00:00', 0, '', 0, 0, 0, 1, '0000-00-00 00:00:00', '', '20150421144921700.jpg', 0, 284),
(75, 'Влада', 'Олеговна', 'Смирнова', 2, 44, 0, 0, 1, '2015-12-14 14:45:09', '2015-06-22 18:00:00', 0, '', 0, 0, 0, 1, '0000-00-00 00:00:00', '', '20140604161309661.jpg', 22107600, 0),
(76, 'Татьяна', 'Викторовна', 'Бельская', 1, 14, 0, 0, 1, '2015-12-14 14:45:09', '2015-06-22 18:00:00', 0, '', 0, 0, 0, 1, '0000-00-00 00:00:00', '', '219_52f214e82d4d4.jpg', 8629200, 87),
(77, 'Светлана', 'Александровна', 'Казьмина', 1, 14, 0, 0, 1, '2015-12-14 14:45:09', '2015-06-21 21:00:00', 0, '', 0, 0, 0, 1, '2015-08-19 21:00:00', '1', '20140905115813945.jpg', 17528400, 0),
(78, 'Елена', 'Сергеевна', 'Федосова', 1, 14, 0, 0, 1, '2015-12-14 14:45:09', '2015-06-21 21:00:00', 0, '', 0, 0, 0, 1, '0000-00-00 00:00:00', '', '', 9320400, 288),
(79, 'Наталья', 'Коснтантинова', 'Гусева', 1, 34, 0, 0, 1, '2015-12-14 14:45:09', '2015-06-23 18:00:00', 0, '+7(921) 856-37-44', 0, 0, 0, 1, '0000-00-00 00:00:00', '', '', 0, 0),
(80, 'Анастасия', 'Константинова', 'Корниенко', 1, 34, 0, 0, 1, '2015-12-14 14:45:09', '2015-06-23 18:00:00', 0, '', 0, 0, 0, 1, '0000-00-00 00:00:00', '', '', 0, 0),
(81, 'Екатерина', 'Юрьевна', 'Дудакова', 1, 34, 0, 0, 1, '2015-12-14 14:45:09', '2015-06-23 18:00:00', 0, '', 0, 0, 0, 1, '0000-00-00 00:00:00', '', '', 0, 294),
(82, 'Людмила', 'Валентиновна', 'Хохлова', 1, 19, 0, 0, 1, '2015-12-14 14:45:09', '2015-06-23 18:00:00', 0, '+7(921) 771-76-75', 0, 0, 0, 1, '0000-00-00 00:00:00', '', '91_4f2a73d20c22f.jpg', 10530000, 19),
(83, 'Екатерина', 'Васильевна', 'Максимова', 1, 19, 0, 0, 1, '2015-12-14 14:45:09', '2015-06-23 18:00:00', 0, '', 0, 0, 0, 1, '0000-00-00 00:00:00', '', '86_524d65727224b.jpg', 9061200, 15),
(84, 'Сергей', 'Алексеевич', 'Лимонов', 1, 19, 0, 0, 1, '2015-12-14 14:45:09', '2015-06-23 18:00:00', 0, '+7(921) 640-87-85', 0, 0, 0, 1, '0000-00-00 00:00:00', '', '20140606160357646.jpg', 6210000, 187),
(85, 'Ольга', 'Александровна', 'Асланова', 1, 19, 0, 0, 1, '2015-12-14 14:45:09', '2015-06-22 21:00:00', 0, '', 0, 0, 0, 1, '0000-00-00 00:00:00', '', '', 0, 299),
(86, 'Лия', 'Юрьевна', 'Мараховская', 1, 26, 0, 0, 1, '2015-12-14 14:45:09', '2015-06-23 18:00:00', 0, '+7(921) 565-73-23', 0, 0, 0, 1, '0000-00-00 00:00:00', '', '93_4f2a72f02b390.jpg', 19602000, 20),
(87, 'Анна', 'Владимировна', 'Соколова', 1, 26, 0, 0, 1, '2015-12-14 14:45:09', '2015-06-23 18:00:00', 0, '', 0, 0, 0, 1, '0000-00-00 00:00:00', '', '', 0, 0),
(88, 'Яна', 'Владимировна', 'Михайлова', 1, 26, 0, 0, 1, '2015-12-14 14:45:09', '2015-06-23 18:00:00', 0, '', 0, 0, 0, 1, '0000-00-00 00:00:00', '', '20140616162302240.jpg', 7506000, 88),
(89, 'Екатерина', 'Алексеевна', 'Зелинская', 1, 26, 0, 0, 1, '2015-12-14 14:45:09', '2015-06-23 18:00:00', 0, '', 0, 0, 0, 1, '0000-00-00 00:00:00', '', '331_520dc54345f48.jpg', 25995600, 0),
(90, 'Еллетхан', 'Ержановна', 'Куаншкалиева', 1, 26, 0, 0, 1, '2015-12-14 14:45:09', '2015-06-23 18:00:00', 0, '', 0, 0, 0, 1, '0000-00-00 00:00:00', '', '20140711173454135.jpg', 28501200, 196),
(91, 'Марина', 'Руслановна', 'Романова', 1, 20, 0, 0, 1, '2015-12-14 14:45:09', '2015-06-23 18:00:00', 0, '+7(921) 559-94-36', 0, 0, 0, 1, '0000-00-00 00:00:00', '', '', 0, 1),
(92, 'Людмила', 'Викторовна', 'Скотникова', 1, 20, 0, 0, 1, '2015-12-14 14:45:09', '2015-06-23 18:00:00', 0, '+7(921) 745-75-49', 0, 0, 0, 1, '0000-00-00 00:00:00', '', '70_52fded6532ea9.jpg', 30315600, 4),
(93, 'Эльвира', 'Ильдусовна', 'Сафиуллина', 1, 20, 0, 0, 1, '2015-12-14 14:45:09', '2015-06-23 18:00:00', 0, '+7(921) 449-12-63', 0, 0, 0, 1, '0000-00-00 00:00:00', '', '320_52e7ad67e01dc.jpg', 11221200, 124),
(94, 'Любовь', 'Владимировна', 'Измайлова', 1, 20, 0, 0, 1, '2015-12-14 14:45:09', '2015-06-23 18:00:00', 0, '', 0, 0, 0, 1, '0000-00-00 00:00:00', '', '', 0, 303),
(95, 'Татьяна', 'Ивановна', 'Васильева', 2, 50, 0, 0, 1, '2015-12-14 14:45:09', '2015-06-23 18:00:00', 0, '', 0, 0, 0, 1, '0000-00-00 00:00:00', '', '20141126174711358.jpg', 20379600, 200),
(96, 'Юрий', 'Иванович', 'Шерстюков', 2, 50, 0, 18, 1, '2015-12-14 14:45:09', '2015-06-23 18:00:00', 0, '+7(921) 429-16-23', 0, 0, 0, 1, '0000-00-00 00:00:00', '', '134_4f2b71d79f58c.jpg', 25477200, 45),
(97, 'Анатолий', 'Валентинович', 'Михайлов', 2, 50, 0, 18, 1, '2015-12-14 14:45:09', '2015-06-23 18:00:00', 0, '+7(921) 860-46-79', 0, 0, 0, 1, '0000-00-00 00:00:00', '', '', 7246800, 114),
(98, 'Алексей', 'Викторович', 'Орлов', 2, 50, 0, 18, 1, '2015-12-14 14:45:09', '2015-06-23 18:00:00', 0, '+7(921) 889-74-91', 0, 0, 0, 1, '0000-00-00 00:00:00', '', '346_5330276a4ba01.jpg', 3531600, 141),
(99, 'Кирилл', 'Дмитриевич', 'Стадник', 2, 50, 0, 18, 1, '2015-12-14 14:45:09', '2015-06-23 18:00:00', 0, '', 0, 0, 0, 1, '0000-00-00 00:00:00', '', '', 0, 301),
(100, 'Дмитрий', 'Михайлович', 'Заруцкий', 2, 50, 0, 19, 1, '2015-12-14 14:45:09', '2015-06-23 18:00:00', 0, '+7(921) 429-71-27', 0, 0, 0, 1, '0000-00-00 00:00:00', '', '135_4f2b72266791f.jpg', 2926800, 46),
(101, 'Александр', 'Александрович', 'Орловский', 2, 50, 0, 19, 1, '2015-12-14 14:45:09', '2015-06-23 18:00:00', 0, '+7(921) 408-99-61', 0, 0, 0, 1, '0000-00-00 00:00:00', '', '20150203091549373.jpg', 15282000, 228),
(102, 'Андрей', 'Николаевич', 'Раузер', 2, 50, 0, 19, 1, '2015-12-14 14:45:09', '2015-06-23 18:00:00', 0, '+7(921) 758-06-64', 0, 0, 0, 1, '2015-09-07 21:00:00', '0', '', 0, 0),
(103, 'Григорий', 'Анатольевич', 'Куприянов', 2, 50, 0, 20, 1, '2015-12-14 14:45:09', '2015-06-23 18:00:00', 0, '+7(921) 421-22-26', 0, 0, 0, 1, '0000-00-00 00:00:00', '', '133_50dc3eecdc34f.jpg', 11566800, 44),
(104, 'Андрей', 'Вячеславович', 'Ананьев', 2, 50, 0, 20, 1, '2015-12-14 14:45:09', '2015-06-23 18:00:00', 0, '+7(921) 422-03-66', 0, 0, 0, 1, '0000-00-00 00:00:00', '', '354_528d9d00aa2fa.jpg', 766800, 147),
(105, 'Станислав', 'Юрьевич', 'Орехов', 2, 50, 0, 20, 1, '2015-12-07 14:32:17', '2015-06-23 18:00:00', 0, '', 0, 0, 0, 1, '0000-00-00 00:00:00', '', '20150618122700213.jpg', 0, 278),
(106, 'Ирина', 'Анатольевна', 'Агафонова', 2, 49, 0, 0, 1, '2015-12-07 14:32:17', '2015-07-02 21:00:00', 0, '+7(921) 582-54-66', 0, 0, 0, 1, '0000-00-00 00:00:00', '', '159_4f9049073d95d.jpg', 8971200, 61),
(107, 'Александр', 'Геннадьевич', 'Попов', 2, 49, 0, 0, 1, '2015-06-24 09:56:57', '2015-06-23 18:00:00', 0, '+7(921) 779-56-89', 0, 0, 0, 3, '0000-00-00 00:00:00', '', '', 0, 0),
(108, 'Дмитрий', 'Геннадьевич', 'Лоншаков', 2, 49, 0, 0, 1, '2015-12-07 14:32:17', '2015-06-23 18:00:00', 0, '+7(921) 849-57-87', 0, 0, 0, 3, '0000-00-00 00:00:00', '', '20140616161253846.jpg', 2667600, 97),
(109, 'Антон', 'Анатольевич', 'Яруничев', 2, 49, 0, 0, 1, '2015-12-07 14:32:17', '2015-06-23 18:00:00', 0, '+7(921) 423-04-00', 0, 0, 0, 3, '0000-00-00 00:00:00', '', '20140616161137888.jpg', 31352400, 85),
(110, 'Павел', 'Андреевич', 'Шубаев', 1, 8, 0, 0, 1, '2015-12-14 14:45:09', '2015-06-23 18:00:00', 0, '+7(921) 442-98-69', 0, 0, 0, 1, '0000-00-00 00:00:00', '', '20150123130815129.jpg', 20811600, 63),
(111, 'Наталья', 'Владимировна', 'Княжецкая', 1, 8, 0, 0, 1, '2015-12-14 14:45:09', '2015-06-23 18:00:00', 0, '', 0, 0, 0, 1, '0000-00-00 00:00:00', '', '', 0, 0),
(112, 'Вероника', 'Александровна', 'Денгубенко', 1, 8, 0, 0, 1, '2015-12-14 14:45:09', '2015-06-23 18:00:00', 0, '', 0, 0, 0, 1, '0000-00-00 00:00:00', '', '', 10098000, 152),
(113, 'Ольга', 'Андреевна', 'Бочкарева', 2, 41, 0, 0, 1, '2015-12-14 14:45:09', '2015-06-23 18:00:00', 0, '', 0, 0, 0, 1, '0000-00-00 00:00:00', '', '', 23403600, 51),
(114, 'Мария', 'Сергеевна', 'Громова', 2, 41, 0, 0, 1, '2015-12-14 14:45:09', '2015-06-23 18:00:00', 0, '', 0, 0, 0, 1, '0000-00-00 00:00:00', '', '389_533d051dd11ff.jpg', 6296400, 170),
(115, 'Полина', 'Сергеевна', 'Антошкина', 2, 41, 0, 0, 1, '2015-12-14 14:45:09', '2015-06-22 21:00:00', 0, '', 27, 0, 0, 1, '0000-00-00 00:00:00', '', '20150630134652906.jpg', 29977200, 135),
(116, 'Павел', 'Юрьевич', 'Китов', 2, 52, 0, 0, 1, '2015-12-14 14:45:09', '2015-06-23 18:00:00', 0, '+7(921) 771-76-70', 0, 0, 0, 2, '0000-00-00 00:00:00', '', '', 0, 127),
(117, 'Олег', 'Игоревич', 'Коншин', 2, 52, 0, 0, 1, '2015-12-07 14:32:18', '2015-06-23 18:00:00', 0, '+1(921) 412-03-18', 0, 0, 0, 2, '0000-00-00 00:00:00', '', '', 0, 277),
(118, 'Любовь', 'Владимировна', 'Ященкова', 2, 52, 0, 0, 1, '2015-12-14 14:45:09', '2015-06-23 18:00:00', 0, '', 0, 0, 0, 2, '0000-00-00 00:00:00', '', '', 0, 264),
(119, 'Елена', 'Александровна', 'Ивашина', 2, 52, 0, 0, 1, '2015-12-14 14:45:09', '2015-06-23 18:00:00', 0, '', 0, 0, 0, 2, '0000-00-00 00:00:00', '', '', 0, 280),
(120, 'Иван', 'Петрович', 'Ермаков', 2, 52, 0, 0, 1, '2015-12-07 14:32:18', '2015-06-23 18:00:00', 0, '', 0, 0, 0, 2, '0000-00-00 00:00:00', '', '154_4f32431c50650.jpg', 594000, 59),
(121, 'Юрий', 'Александрович', 'Воронцов', 2, 52, 0, 0, 1, '2015-07-17 12:15:15', '2015-06-23 18:00:00', 0, '', 0, 0, 0, 2, '0000-00-00 00:00:00', '', '', 0, 0),
(122, 'Тимофей', 'Юрьевич', 'Суконин', 2, 52, 0, 0, 1, '2015-08-20 08:39:58', '2015-06-23 18:00:00', 0, '', 0, 0, 0, 2, '2015-08-13 21:00:00', '0', '', 0, 0),
(123, 'Андрей', 'Витальевич', 'Майоров', 2, 52, 0, 0, 1, '2015-12-07 14:32:18', '2015-06-23 18:00:00', 0, '', 0, 0, 0, 2, '0000-00-00 00:00:00', '', '20140616160637419.jpg', 13986000, 137),
(124, 'Андрей', 'Григорьевич', 'Кривошей', 2, 52, 0, 0, 1, '2015-12-07 14:32:18', '2015-06-23 18:00:00', 0, '', 0, 0, 0, 2, '0000-00-00 00:00:00', '', '', 0, 291),
(125, 'Дмитрий', 'Леонидович', 'Рогульский', 1, 66, 0, 0, 1, '2015-12-14 14:45:09', '2015-06-23 18:00:00', 0, '+7(921) 446-59-69', 0, 0, 0, 1, '0000-00-00 00:00:00', '', '312_51c987067bce3.jpg', 5605200, 118),
(126, 'Светлана', 'Александровна', 'Дудакова', 1, 66, 0, 0, 1, '2015-12-14 14:45:09', '2015-06-23 18:00:00', 0, '', 0, 0, 0, 1, '0000-00-00 00:00:00', '', '', 0, 0),
(127, 'Мария', 'Владимировна', 'Сидякина', 1, 4, 0, 0, 1, '2015-12-14 14:45:09', '2015-06-23 18:00:00', 0, '', 0, 0, 0, 1, '0000-00-00 00:00:00', '', '20150420092412141.jpg', 0, 282),
(128, 'Ксения', 'Олеговна', 'Бахвалова', 1, 4, 0, 0, 1, '2015-12-14 14:45:09', '2015-06-23 18:00:00', 0, '+7(921) 849-58-02', 0, 0, 0, 1, '0000-00-00 00:00:00', '', '148_52de58a691b74.jpg', 12862800, 55),
(129, 'Анна', 'Владимировна', 'Дмитриева', 1, 4, 0, 0, 1, '2015-12-14 14:45:09', '2015-06-23 18:00:00', 0, '', 0, 0, 0, 1, '0000-00-00 00:00:00', '', '305_516bb4c096492.jpg', 10616400, 116),
(130, 'Алена', 'Сергеевна', 'Яковлева', 1, 4, 0, 0, 1, '2015-12-14 14:45:09', '2015-06-23 18:00:00', 0, '', 0, 0, 0, 1, '0000-00-00 00:00:00', '', '149_4f2b77a47e584.jpg', 10270800, 56),
(131, 'Татьяна', 'Юрьевна', 'Агафонова', 1, 4, 0, 0, 1, '2015-12-14 14:45:09', '2015-07-02 21:00:00', 0, '', 0, 0, 0, 1, '0000-00-00 00:00:00', '', '146_500d40d2b3686.jpg', 24620400, 54),
(132, 'Елена', 'Владимировна', 'Федченко', 1, 4, 0, 0, 1, '2015-12-14 14:45:09', '2015-06-23 18:00:00', 0, '', 0, 0, 0, 1, '0000-00-00 00:00:00', '', '150_4f2b780d32e43.jpg', 5778000, 57),
(133, 'Анна', 'Владимировна', 'Дмитриева', 2, 36, 0, 0, 1, '2015-12-14 14:45:09', '2015-06-22 21:00:00', 0, '+7(921) 408-86-52', 0, 0, 0, 1, '0000-00-00 00:00:00', '', '', 0, 227),
(134, 'Наталья', 'Геннадьевна', 'Пулькина', 2, 36, 0, 0, 1, '2015-12-14 14:45:09', '2015-06-23 18:00:00', 0, '+7(921) 640-68-89', 0, 0, 0, 1, '0000-00-00 00:00:00', '', '20140610140844774.jpg', 17010000, 131),
(135, 'Мария', 'Викторовна', 'Смирнова', 2, 36, 0, 0, 1, '2015-12-14 14:45:09', '2015-06-23 18:00:00', 0, '', 0, 0, 0, 1, '0000-00-00 00:00:00', '', '20150210140524937.jpg', 9579600, 58),
(136, 'Елена', 'Николаевна', 'Песегова', 2, 36, 0, 0, 1, '2015-12-14 14:45:09', '2015-06-23 18:00:00', 0, '', 0, 0, 0, 1, '0000-00-00 00:00:00', '', '314_51ecc77de034e.jpg', 21416400, 120),
(137, 'Ксения', 'Анатольевна', 'Беляева', 2, 36, 0, 0, 1, '2015-12-14 14:45:09', '2015-06-23 18:00:00', 0, '', 0, 0, 0, 1, '0000-00-00 00:00:00', '', '20140911162633445.jpg', 30056400, 0),
(138, 'Евгений', 'Владимирович', 'Зоркин', 1, 3, 0, 0, 1, '2015-12-14 14:29:32', '2015-06-22 21:00:00', 0, '+7(926) 296-22-49', 25, 0, 0, 4, '0000-00-00 00:00:00', '', '20140526163015114.jpg', 10364400, 154),
(139, 'Максим', 'Олегович', 'Бикмаев', 1, 0, 0, 0, 1, '2015-12-14 14:34:44', '2015-06-22 21:00:00', 0, '+7(926) 208-86-36', 64, 0, 0, 5, '0000-00-00 00:00:00', '', '', 0, 300),
(140, 'Лидия', 'Александровна', 'Самонина', 2, 55, 0, 0, 1, '2015-12-14 14:45:09', '2015-06-23 18:00:00', 0, '+7(926) 228-05-79', 0, 0, 0, 4, '0000-00-00 00:00:00', '', '20150610092514506.jpg', 15627600, 285),
(141, 'Ирина', 'Владимировна', 'Емельянова', 2, 55, 0, 0, 1, '2015-12-14 14:45:09', '2015-06-23 18:00:00', 0, '+7(926) 228-05-80', 0, 0, 0, 4, '0000-00-00 00:00:00', '', '20150528093722777.jpg', 11394000, 286),
(142, 'Ярослава', 'Сергеевна', 'Каткова', 2, 57, 0, 0, 1, '2015-12-14 14:45:09', '2015-06-22 21:00:00', 0, '+7(926) 205-23-94', 65, 0, 0, 4, '0000-00-00 00:00:00', '', '20141204090405207.jpg', 6994800, 166),
(143, 'Олег', 'Константинович', 'Соколов', 2, 57, 0, 0, 1, '2015-12-14 14:45:09', '2015-06-22 21:00:00', 0, '+7(926) 208-08-49', 66, 0, 0, 4, '0000-00-00 00:00:00', '', '20150219172128500.jpg', 23410800, 259),
(144, 'Наталья', 'Сергеевна', 'Бадикова', 2, 57, 0, 0, 1, '2015-12-14 14:25:39', '2015-06-22 21:00:00', 0, '+7(926) 208-08-47', 95, 0, 0, 4, '0000-00-00 00:00:00', '', '20140623090643769.jpg', 1292400, 103),
(145, 'Денис', 'Владимирович', 'Аксёнов', 1, 28, 0, 0, 1, '2015-12-14 14:45:09', '2015-06-23 18:00:00', 0, '+7(926) 009-36-97', 0, 0, 0, 4, '0000-00-00 00:00:00', '', '20141124091625271.jpg', 24267600, 66),
(146, 'Владимир', 'Александрович', 'Борисов', 1, 28, 0, 0, 1, '2015-12-14 14:45:09', '2015-06-23 18:00:00', 0, '+7(929) 956-59-40', 0, 0, 0, 4, '0000-00-00 00:00:00', '', '20140916152850664.jpg', 3099600, 202),
(147, 'Лейла', 'Рафиговна', 'Тагиева', 1, 28, 0, 0, 1, '2015-12-14 14:45:09', '2015-06-23 18:00:00', 0, '+7(926) 508-30-48', 0, 0, 0, 4, '0000-00-00 00:00:00', '', '235_50250010e3139.jpg', 766800, 31),
(148, 'Евгений', 'Михайлович', 'Грецов', 1, 29, 0, 0, 1, '2015-12-14 14:45:09', '2015-06-23 18:00:00', 0, '+7(925) 518-56-87', 0, 0, 0, 4, '0000-00-00 00:00:00', '', '169_4f8ea17698348.jpg', 12430800, 65),
(149, 'Руюен', 'Альбертович', 'Сарибекян', 1, 29, 0, 0, 1, '2015-12-14 14:45:09', '2015-06-23 18:00:00', 0, '+7(926) 119-92-47', 0, 0, 0, 4, '0000-00-00 00:00:00', '', '', 0, 0),
(150, 'Олеся', 'Леонидовна', 'Одновороченко', 2, 56, 0, 0, 1, '2015-12-14 14:45:09', '2015-06-23 18:00:00', 0, '+7(925) 642-38-03', 0, 0, 0, 4, '0000-00-00 00:00:00', '', '', 0, 0),
(151, 'Анна', 'Андреевна', 'Иванова', 2, 56, 0, 0, 1, '2015-12-14 14:45:09', '2015-06-23 18:00:00', 0, '+7(925) 748-75-82', 0, 0, 0, 4, '0000-00-00 00:00:00', '', '', 0, 235),
(152, 'Диана', 'Алексеевна', 'Цветкова', 2, 56, 0, 0, 1, '2015-12-14 14:45:09', '2015-06-22 21:00:00', 0, '+7(925) 504-91-67', 0, 0, 0, 4, '0000-00-00 00:00:00', '', '230_528dcea3c7d4d.jpg', 14677200, 90),
(153, 'Юлия', 'Викторовна', 'Кубрикова', 2, 56, 0, 0, 1, '2015-12-14 14:45:09', '2015-06-22 21:00:00', 0, '+7(926) 206-05-39', 0, 0, 0, 4, '2015-08-04 21:00:00', '0', '', 0, 0),
(154, 'Нелли', 'Александровна', 'Пахомова', 2, 56, 0, 0, 1, '2015-12-14 14:45:09', '2015-06-23 18:00:00', 0, '+7(926) 228-05-68', 0, 0, 0, 4, '2015-08-19 21:00:00', '0', '', 0, 0),
(155, 'Марина', 'Аркадиевна', 'Дмитриева', 2, 56, 0, 0, 1, '2015-12-14 14:45:09', '2015-06-23 18:00:00', 0, '+7(926) 228-05-67', 0, 0, 0, 4, '0000-00-00 00:00:00', '', '20150512142412236.jpg', 12862800, 296),
(156, 'Андрей', 'Николаевич', 'Захаров', 1, 31, 0, 0, 1, '2015-12-14 14:45:09', '2015-06-23 21:00:00', 0, '+7(925) 504-91-23', 1, 0, 0, 4, '0000-00-00 00:00:00', '', '', 0, 68),
(157, 'Дмитрий', 'Геннадьевич', 'Захаров', 1, 31, 0, 0, 1, '2015-12-07 14:32:20', '2015-06-23 21:00:00', 0, '+7(926) 206-05-28', 0, 0, 0, 4, '0000-00-00 00:00:00', '', '20140515122602874.jpg', 1112400, 144),
(158, 'Андрей', 'Николаевич', 'Чекушкин', 1, 31, 0, 0, 1, '2015-07-17 12:15:13', '2015-06-23 21:00:00', 0, '+7(926) 296-42-88', 0, 0, 0, 4, '0000-00-00 00:00:00', '', '20141015110104162.jpg', 15368400, 0),
(159, 'Дмитрий', 'Михайлович', 'Кравец', 1, 31, 0, 0, 1, '2015-08-04 11:47:17', '2015-06-27 21:00:00', 0, '+7(926) 115-27-17', 0, 0, 0, 4, '0000-00-00 00:00:00', '0', '20150225161936953.jpg', 6210000, 0),
(160, 'Дмитрий', 'Викторович', 'Чебаков', 1, 31, 0, 0, 1, '2015-12-14 14:06:24', '2015-06-27 21:00:00', 0, '+7(926) 115-27-16', 2, 0, 0, 4, '0000-00-00 00:00:00', '', '20150122085722490.jpg', 4834800, 255),
(161, 'Лев', 'Леонардович', 'Дашкевич', 1, 31, 0, 0, 1, '2015-12-14 14:45:09', '2015-06-28 18:00:00', 0, '+7(925) 504-91-26', 0, 0, 0, 4, '0000-00-00 00:00:00', '', '174_4f2b7fc67f723.jpg', 75600, 69),
(162, 'Ирина', 'Васильевна', 'Александрова', 1, 3, 0, 0, 1, '2015-12-14 14:46:38', '2015-06-27 21:00:00', 427, '+7(926) 007-37-15', 62, 0, 0, 4, '0000-00-00 00:00:00', '', '', 1810800, 214),
(163, 'Елена', 'Александровна', 'Минакова', 1, 5, 0, 0, 1, '2015-12-07 14:32:21', '2015-06-28 18:00:00', 0, '+7(923) 236-33-73', 0, 0, 0, 9, '0000-00-00 00:00:00', '', '20150116091534189.jpg', 21589200, 70),
(164, 'Елена', 'Сергеевна', 'Позднеева', 2, 44, 0, 0, 1, '2015-12-07 14:32:21', '2015-06-28 18:00:00', 0, '', 0, 0, 0, 9, '0000-00-00 00:00:00', '', '', 15454800, 95),
(165, 'Вадим', 'Леонидович', 'Ровайн', 1, 22, 0, 0, 1, '2015-12-07 14:32:21', '2015-06-28 18:00:00', 0, '+7(923) 130-29-00', 0, 0, 0, 9, '0000-00-00 00:00:00', '', '20140520121622377.jpg', 29883600, 71),
(166, 'Максим', 'Николаевич', 'Валов', 2, 50, 0, 0, 1, '2015-12-07 14:32:21', '2015-06-28 18:00:00', 0, '+7(923) 236-33-93', 0, 0, 0, 9, '0000-00-00 00:00:00', '', '345_5253bd422aa62.jpg', 15022800, 140),
(167, 'Ирина', 'Александровна', 'Канюка', 2, 37, 0, 0, 1, '2015-12-07 14:32:21', '2015-06-28 18:00:00', 0, '+7(922) 119-70-44', 0, 0, 0, 6, '0000-00-00 00:00:00', '', '183_4f2b83338b825.jpg', 2235600, 74),
(168, 'Наталья', 'Александровна', 'Капитонова', 1, 13, 0, 0, 1, '2015-07-17 12:15:13', '2015-06-28 18:00:00', 0, '', 0, 0, 0, 6, '0000-00-00 00:00:00', '', '383_531fec89a868e.jpg', 13726800, 0),
(169, 'Александр', 'Евгеньевич', 'Суслов', 1, 22, 0, 0, 1, '2015-07-17 12:15:15', '2015-06-28 18:00:00', 0, '+7(922) 170-20-35', 0, 0, 0, 6, '0000-00-00 00:00:00', '', '', 17096400, 0),
(170, 'Людмила', 'Анатольевна', 'Татьянникова', 2, 38, 0, 0, 1, '2015-07-17 12:15:14', '2015-06-28 18:00:00', 0, '+7(922) 169-11-09', 0, 0, 0, 6, '0000-00-00 00:00:00', '', '20140904092338794.jpg', 12949200, 0),
(171, 'Евгений', 'Геннадьевич', 'Жердев', 2, 38, 0, 0, 1, '2015-07-17 12:15:14', '2015-06-28 18:00:00', 0, '+7(932) 306-71-16', 0, 0, 0, 15, '0000-00-00 00:00:00', '', '', 27896400, 0),
(172, 'Елена', 'Витальевна', 'Севелкова', 1, 5, 0, 0, 1, '2015-06-29 03:49:01', '2015-06-28 18:00:00', 0, '+7(938) 400-95-96', 0, 0, 0, 12, '0000-00-00 00:00:00', '', '', 0, 0),
(173, 'Мария', 'Витальевна', 'Андреева', 2, 44, 0, 0, 1, '2015-07-24 08:31:53', '2015-06-27 21:00:00', 0, '', 0, 0, 0, 12, '2015-07-21 21:00:00', '0', '', -10800, 0),
(174, 'Татьяна', 'Владимировна', 'Волкова', 2, 37, 0, 0, 1, '2015-12-07 14:32:21', '2015-06-28 18:00:00', 0, '+7(920) 251-88-70', 0, 0, 0, 8, '0000-00-00 00:00:00', '', '335_5278d7f260e59.jpg', 26082000, 133),
(175, 'Любовь', 'Михайлова', 'Юферева', 1, 6, 0, 3, 1, '2015-06-29 03:54:06', '2015-06-28 18:00:00', 0, '+7(920) 257-88-70', 0, 0, 0, 8, '0000-00-00 00:00:00', '', '', 0, 0),
(176, 'Марсель', 'Ринатович', 'Галимов', 2, 38, 0, 0, 1, '2015-08-20 08:38:08', '2015-06-28 18:00:00', 0, '+7(920) 009-88-70', 0, 0, 0, 8, '2015-06-18 21:00:00', '0', '', 0, 0),
(177, 'Анна', 'Николаевна', 'Иваненко', 1, 5, 0, 0, 1, '2015-12-07 14:32:21', '2015-06-28 18:00:00', 0, '+7(937) 772-05-92', 0, 0, 0, 7, '0000-00-00 00:00:00', '', '20140616162448930.jpg', 5864400, 77),
(178, 'Регина', 'Рафиковна', 'Ибрагимова', 2, 44, 0, 0, 1, '2015-12-07 14:32:21', '2015-06-28 18:00:00', 0, '', 0, 0, 0, 7, '0000-00-00 00:00:00', '', '386_53294ce0d9b60.jpg', 14590800, 167),
(179, 'Максим', 'Андреевич', 'Янчиленко', 1, 22, 0, 0, 1, '2015-12-14 14:09:19', '2015-07-23 21:00:00', 0, '+7(928) 418-14-25', 4, 0, 0, 7, '0000-00-00 00:00:00', '', '', 6822000, 316),
(180, 'Маргарита', 'Андреевна', 'Гарифуллина', 1, 6, 0, 0, 1, '2015-08-25 06:57:35', '2015-06-28 18:00:00', 0, '+7(937) 628-24-66', 0, 0, 0, 7, '2015-08-23 21:00:00', '0', '20141030172635779.jpg', 26773200, 0),
(181, 'Лариса', 'Сергеевна', 'Овчарова', 2, 38, 0, 0, 1, '2015-12-07 14:32:21', '2015-06-28 18:00:00', 0, '+7(937) 008-40-20', 0, 0, 0, 7, '0000-00-00 00:00:00', '', '', 0, 272),
(182, 'Егор', 'Владимирович', 'Вергун', 2, 37, 0, 0, 1, '2015-12-07 14:32:21', '2015-06-28 18:00:00', 0, '+7(927) 768-06-43', 0, 0, 0, 11, '0000-00-00 00:00:00', '', '313_51dd5f1dc526b.jpg', 3963600, 119),
(183, 'Гузель', 'Азатовна', 'Замалеева', 2, 38, 0, 0, 1, '2015-12-07 14:32:21', '2015-06-28 18:00:00', 0, '+7(927) 740-68-88', 0, 0, 0, 11, '0000-00-00 00:00:00', '', '20150602093038926.jpg', 9406800, 262),
(184, 'Гурген', 'Юрьевия', 'Манукян', 1, 5, 0, 0, 1, '2015-06-29 04:22:22', '2015-06-28 18:00:00', 0, '+7(928) 192-90-40', 0, 0, 0, 10, '0000-00-00 00:00:00', '', '', 0, 0),
(185, 'Виктория', 'Юрьевна', 'Кривко', 2, 44, 0, 0, 1, '2015-12-07 14:32:21', '2015-06-28 18:00:00', 0, '', 0, 0, 0, 10, '0000-00-00 00:00:00', '', '20150410092445922.jpg', 10616400, 281),
(186, 'Евгений', 'Эдуардович', 'Власов', 2, 50, 0, 0, 1, '2015-12-07 14:32:21', '2015-06-28 18:00:00', 0, '+7(929) 821-72-29', 0, 0, 0, 10, '0000-00-00 00:00:00', '', '303_5163b8d230d47.jpg', 6814800, 110),
(187, 'Оксана', 'Ахтемовна', 'Устаева', 2, 38, 0, 0, 1, '2015-12-07 14:32:21', '2015-06-28 18:00:00', 0, '+7(929) 821-10-47', 0, 0, 0, 10, '0000-00-00 00:00:00', '', '20150401140040769.jpg', 5864400, 230),
(188, 'Кририлл', 'Васильевич', 'Чайковский', 1, 65, 0, 0, 1, '2015-06-29 05:12:31', '2015-06-28 18:00:00', 0, '+7(938) 103-28-05', 0, 0, 0, 10, '0000-00-00 00:00:00', '', '', 0, 0),
(189, 'Ольга', 'Николаевна', 'Кравченко', 1, 5, 0, 0, 1, '2015-12-07 14:32:21', '2015-06-28 18:00:00', 0, '', 0, 0, 0, 16, '0000-00-00 00:00:00', '', '193_533005085bc60.jpg', 11739600, 78),
(190, 'Вячеслав', 'Васильевич', 'Рубан', 1, 4, 0, 0, 1, '2015-12-07 14:32:21', '2015-06-28 18:00:00', 0, '', 0, 0, 0, 16, '0000-00-00 00:00:00', '', '20140520122235570.jpg', 19947600, 79),
(191, 'Валентина', 'Юрьевна', 'Ермолова', 1, 4, 0, 0, 1, '2015-12-07 14:32:21', '2015-06-28 18:00:00', 0, '', 0, 0, 0, 16, '0000-00-00 00:00:00', '', '20140520141810323.jpg', 24181200, 108),
(192, 'Константин', 'Николаевич', 'Кравченко', 1, 9, 0, 0, 1, '2015-12-07 14:32:22', '2015-06-28 18:00:00', 0, '', 0, 0, 0, 16, '0000-00-00 00:00:00', '', '20150527164458335.jpg', 17182800, 126),
(193, 'Ольга', 'Ивановна', 'Власенко', 1, 13, 0, 0, 1, '2015-12-07 14:32:22', '2015-06-28 18:00:00', 0, '', 0, 0, 0, 16, '0000-00-00 00:00:00', '', '197_4f2b8e13702af.jpg', 5259600, 80),
(194, 'Марьян', 'Степанович', 'Швец', 1, 22, 0, 0, 1, '2015-12-07 14:32:22', '2015-06-28 18:00:00', 0, '', 0, 0, 0, 16, '0000-00-00 00:00:00', '', '198_4f2baba9ed073.jpg', 3013200, 82),
(195, 'Дмитрий', 'Александрович', 'Савенко', 1, 22, 0, 0, 1, '2015-12-07 14:32:22', '2015-06-28 18:00:00', 0, '', 0, 0, 0, 16, '0000-00-00 00:00:00', '', '239_519f26d34d366.jpg', 10616400, 96),
(196, 'Алексей', 'Сергеевич', 'Михайлов', 2, 37, 0, 0, 1, '2015-12-07 14:32:22', '2015-06-28 18:00:00', 0, '', 0, 0, 0, 17, '0000-00-00 00:00:00', '', '357_52aed4dd321ea.jpg', 9147600, 149),
(197, 'Елена', 'Михайловна', 'Шумилина', 2, 36, 0, 0, 1, '2015-12-07 14:32:22', '2015-06-28 18:00:00', 0, '', 0, 0, 0, 17, '0000-00-00 00:00:00', '', '20140911163640442.jpg', 6210000, 81),
(198, 'Валерия', 'Александровна', 'Олейник', 2, 50, 0, 0, 1, '2015-07-17 12:15:14', '2015-06-28 18:00:00', 0, '', 0, 0, 0, 17, '0000-00-00 00:00:00', '', '20140912102703631.jpg', 0, 0),
(199, 'Татьяна', 'Николаевна', 'Иванькова', 2, 50, 0, 0, 1, '2015-12-07 14:32:22', '2015-06-28 18:00:00', 0, '', 0, 0, 0, 17, '2015-11-01 21:00:00', '0', '20140526162804578.jpg', 22280400, 163),
(200, 'Николай', 'Николаевич', 'Бодров', 10, 67, 0, 0, 1, '2015-12-14 14:45:09', '2015-06-28 18:00:00', 0, '+7(921) 905-86-30', 0, 0, 0, 2, '2015-08-16 21:00:00', '0', '', 18219600, 0),
(201, 'Михаил', 'Юрьевич', 'Бобров', 10, 67, 0, 0, 1, '2015-12-14 14:45:09', '2015-06-28 18:00:00', 0, '+7(921) 962-17-94', 0, 0, 0, 2, '0000-00-00 00:00:00', '', '', 18046800, 248),
(202, 'Дмитрий', 'Павлович', 'Изотов', 10, 67, 0, 0, 1, '2015-12-14 14:45:09', '2015-06-28 18:00:00', 0, '+7(921) 640-89-96', 0, 0, 0, 2, '0000-00-00 00:00:00', '', '', 0, 24),
(203, 'Светлана', 'Вячеславовна', 'Гениевская', 10, 68, 0, 0, 1, '2015-12-14 14:45:09', '2015-06-28 18:00:00', 0, '+7(921) 376-67-33', 0, 0, 0, 2, '0000-00-00 00:00:00', '', '20150622111055361.jpg', 6123600, 238),
(204, 'Любовь', 'Александровна', 'Московская', 10, 68, 0, 0, 1, '2015-12-14 14:45:09', '2015-06-28 18:00:00', 0, '+7(921) 948-57-17', 0, 0, 0, 2, '0000-00-00 00:00:00', '', '', 0, 253),
(205, 'Тамара', 'Адамовна', 'Дзагалова', 10, 68, 0, 0, 1, '2015-12-14 14:45:09', '2015-06-28 18:00:00', 0, '', 0, 0, 0, 2, '0000-00-00 00:00:00', '', '', 28501200, 276),
(206, 'Данила', 'Олегович', 'Брюхан', 10, 69, 0, 0, 1, '2015-12-14 14:45:09', '2015-06-28 18:00:00', 0, '+7(921) 931-80-73', 0, 0, 0, 2, '0000-00-00 00:00:00', '', '', 0, 0),
(207, 'Галина', 'Юрьевна', 'Грачева', 2, 50, 0, 0, 1, '2015-12-07 14:32:22', '2015-06-28 18:00:00', 0, '', 0, 0, 0, 1, '0000-00-00 00:00:00', '', '', 0, 306),
(210, 'Виктор', 'Алексеевич', 'Антонов', 1, 1, 0, 0, 1, '2015-12-14 14:45:09', '2015-06-28 18:00:00', 0, '', 0, 0, 0, 1, '0000-00-00 00:00:00', '', '20141215135611920.jpg', 23835600, 233),
(211, 'Юрий', 'Александрович', 'Гречко', 1, 1, 0, 0, 1, '2015-12-25 12:20:46', '2015-06-27 21:00:00', 0, '+7(921) 565-86-70', 27, 0, 0, 1, '0000-00-00 00:00:00', '', '95_4f8e9e100ae58.jpg', 950914800, 21),
(212, 'Сергей', 'Борисович', 'Песков', 1, 3, 0, 0, 1, '2015-12-14 14:46:49', '2015-07-01 21:00:00', 406, '', 63, 0, 0, 4, '0000-00-00 00:00:00', '', '20140701151135983.jpg', 24274800, 117),
(213, 'Анна', 'Викторовна', 'Московская', 1, 1, 0, 0, 1, '2015-12-14 14:45:09', '2015-06-28 18:00:00', 0, '', 0, 0, 0, 1, '0000-00-00 00:00:00', '', '20140714112752265.jpg', 15886800, 3),
(214, 'Алина', 'Витальевна', 'Салычева', 1, 1, 0, 0, 1, '2015-12-14 14:45:09', '2015-06-28 18:00:00', 0, '', 0, 0, 0, 1, '0000-00-00 00:00:00', '', '329_520dd794cf19c.jpg', 12862800, 128),
(215, 'Ольга', 'Валерьевна', 'Бойкова', 2, 44, 0, 0, 1, '2015-11-02 13:37:28', '2015-08-02 21:00:00', 0, '', 0, 0, 0, 1, '2015-11-01 21:00:00', '0', '', 8715600, 0),
(216, 'Наталья', 'Николаевна', 'Беляева', 2, 44, 0, 0, 1, '2015-08-20 13:29:01', '2015-08-31 21:00:00', 0, '', 0, 0, 0, 1, '2015-08-19 21:00:00', '0', '', 4395600, 0),
(217, 'Елена', 'Ринатовна', 'Ахмадеева', 1, 18, 0, 10, 1, '2015-08-27 05:52:33', '2015-08-02 21:00:00', 0, '', 0, 0, 0, 1, '2015-08-23 21:00:00', '0', '', 27810000, 0),
(218, 'Ольга', 'Владимировна', 'Силантьева', 2, 0, 0, 0, 1, '2015-08-12 08:31:04', '2015-08-03 21:00:00', 0, '', 0, 0, 0, 8, '0000-00-00 00:00:00', '', '', 11307600, 0),
(219, 'Антон', 'Вадимович', 'Руймин', 1, 25, 0, 0, 1, '2015-12-07 14:32:23', '2015-08-17 21:00:00', 0, '', 0, 1, 2, 2, '0000-00-00 00:00:00', '', '', 162000, 321),
(221, 'Евгения', 'Алексеевна', 'Козлова', 1, 31, 0, 0, 1, '2015-12-14 14:45:09', '2015-08-16 21:00:00', 0, '+7(926) 206-05-39', 0, 0, 0, 4, '0000-00-00 00:00:00', '', '', 27032400, 0),
(223, 'Екатерина', 'Андреевна', 'Медведева', 2, 44, 0, 0, 1, '2015-12-07 14:32:23', '2015-08-23 21:00:00', 0, '', 0, 0, 0, 12, '0000-00-00 00:00:00', '', '', 18565200, 323),
(224, 'Лолита', 'Антоновна', 'Богданова', 2, 38, 0, 0, 1, '2015-08-21 12:36:19', '2015-08-20 21:00:00', 0, '', 0, 0, 0, 1, '2015-08-20 21:00:00', '0', '', 1544400, 0),
(225, 'Евгений', 'Викторович', 'Митрофанов', 1, 70, 0, 0, 1, '2015-12-07 14:32:23', '2015-08-23 21:00:00', 0, '', 0, 0, 0, 1, '0000-00-00 00:00:00', '', '', 27896400, 322),
(226, 'Инна', 'Александровна', 'Фролова', 1, 13, 0, 0, 1, '2015-12-07 14:32:23', '2015-09-01 21:00:00', 0, '', 0, 0, 0, 1, '0000-00-00 00:00:00', '', '', 26341200, 327),
(227, 'Яна', 'Павловна', 'Меркурьева', 1, 0, 0, 0, 1, '2015-12-07 14:32:23', '2015-09-06 21:00:00', 0, '', 0, 0, 0, 6, '0000-00-00 00:00:00', '', '', 10098000, 330),
(228, 'Светлана', 'Ильинична', 'Смирнова', 2, 44, 0, 0, 1, '2015-12-07 14:32:23', '2015-08-30 21:00:00', 0, '', 0, 0, 0, 1, '0000-00-00 00:00:00', '', '', 4914000, 325),
(229, 'Анастасия', 'Эдуардовна', 'Лапина', 2, 44, 0, 0, 1, '2015-12-07 14:32:23', '2015-08-30 21:00:00', 0, '', 0, 0, 0, 1, '0000-00-00 00:00:00', '', '', 16750800, 324),
(230, 'Лариса', 'Евгеньевна', 'Кондакова', 2, 38, 0, 0, 1, '2015-12-07 14:32:23', '2015-08-30 21:00:00', 0, '', 0, 0, 0, 1, '0000-00-00 00:00:00', '', '', 13208400, 326),
(231, 'Лев', 'Александрович', 'Дубовой', 10, 67, 0, 0, 1, '2015-12-07 14:32:23', '2015-08-30 21:00:00', 0, '', 0, 0, 0, 2, '0000-00-00 00:00:00', '', '', 0, 329),
(232, 'Александра', 'Сергеевна', 'Гайсарова', 2, 56, 0, 0, 1, '2015-12-07 14:32:23', '2015-09-06 21:00:00', 0, '', 0, 0, 0, 4, '0000-00-00 00:00:00', '', '', 507600, 331),
(233, 'Ксения', 'Николаевна', 'Грачева', 2, 38, 0, 0, 1, '2015-12-07 14:32:23', '2015-09-01 21:00:00', 0, '', 0, 0, 0, 1, '0000-00-00 00:00:00', '', '', 14331600, 328),
(234, 'Айрат', 'Маратович', 'Садыков', 1, 11, 0, 8, 1, '2015-09-15 11:12:16', '2015-09-14 21:00:00', 0, '', 0, 0, 0, 1, '2015-09-14 21:00:00', '0', '', 15022800, 0),
(235, 'Юлия', 'Сергеевна', 'Руженкова', 1, 65, 0, 0, 1, '2015-09-23 13:02:32', '2015-09-13 21:00:00', 0, '', 0, 0, 0, 1, '2015-09-22 21:00:00', '0', '', 26514000, 0),
(236, 'Татьяна', 'Николаевна', 'Терещенко', 1, 19, 0, 0, 1, '2015-12-07 14:32:23', '2015-09-22 21:00:00', 0, '', 0, 0, 0, 1, '0000-00-00 00:00:00', '', '', 8024400, 335),
(237, 'Татьяна', 'Александровна', 'Долгарева', 1, 20, 0, 0, 1, '2015-12-07 14:32:23', '2015-09-13 21:00:00', 0, '', 0, 0, 0, 1, '0000-00-00 00:00:00', '', '', 16146000, 332),
(238, 'Мария', 'Викторовна', 'Неверова', 1, 6, 0, 1, 1, '2015-12-07 14:32:23', '2015-09-21 21:00:00', 0, '', 0, 0, 0, 1, '0000-00-00 00:00:00', '', '', 10184400, 338),
(239, 'Карен', 'Артурович', 'Авакян', 1, 6, 0, 1, 1, '2015-12-22 07:40:01', '2015-09-23 21:00:00', 0, '', 97, 0, 0, 1, '2015-09-22 21:00:00', '0', '', 4143600, 337),
(240, 'Карен', 'Артурович', 'Авакян', 1, 6, 0, 1, 1, '2015-12-07 14:32:23', '2015-09-23 21:00:00', 0, '', 0, 0, 0, 1, '2015-09-21 21:00:00', '0', '', 4222800, 337),
(241, 'Карен', 'Артурович', 'Авакян', 1, 6, 0, 1, 1, '2015-12-07 14:32:23', '2015-09-23 21:00:00', 0, '', 0, 0, 0, 1, '2015-09-21 21:00:00', '0', '', 4222800, 337),
(242, 'Карен', 'Артурович', 'Авакян', 1, 6, 0, 1, 1, '2015-12-07 14:32:23', '2015-09-23 21:00:00', 0, '', 0, 0, 0, 1, '2015-09-21 21:00:00', '0', '', 4222800, 337),
(243, 'Карен', 'Артурович', 'Авакян', 1, 6, 0, 1, 1, '2015-12-07 14:32:24', '2015-09-23 21:00:00', 0, '', 0, 0, 0, 1, '0000-00-00 00:00:00', '', '', 4222800, 337),
(244, 'Евгения', 'Владимировна', 'Мельчакова', 2, 43, 0, 16, 1, '2015-12-07 14:32:24', '2015-09-23 21:00:00', 0, '', 0, 0, 0, 1, '0000-00-00 00:00:00', '', '', 15022800, 336),
(245, 'Денис', 'Игоревич', 'Горобец', 1, 15, 0, 0, 1, '2015-12-07 14:32:24', '2015-09-30 21:00:00', 0, '', 0, 0, 0, 1, '0000-00-00 00:00:00', '', '', 16232400, 339),
(246, 'Алёна', 'Владимировна', 'Батушевская', 2, 0, 0, 0, 1, '2015-12-07 14:32:24', '2015-10-05 21:00:00', 0, '', 0, 0, 0, 8, '0000-00-00 00:00:00', '', '', 23144400, 340),
(247, 'Ирина', 'Валентиновна', 'Безуглая', 1, 65, 0, 0, 1, '2015-12-07 14:32:24', '2015-10-06 21:00:00', 0, '', 0, 0, 0, 1, '0000-00-00 00:00:00', '', '', 1112400, 343),
(248, 'Саглара', 'Сергеевна', 'Очирова', 1, 6, 0, 3, 1, '2015-12-07 14:32:24', '2015-10-05 21:00:00', 0, '', 0, 0, 0, 1, '0000-00-00 00:00:00', '', '', 22626000, 341),
(249, 'Алексей', 'Александрович', 'Казаченко', 1, 0, 0, 0, 1, '2015-12-07 14:32:24', '2015-10-07 21:00:00', 0, '', 0, 0, 0, 2, '0000-00-00 00:00:00', '', '', 27464400, 342),
(250, 'Татьяна', 'Михайлова', 'Зырянова', 1, 1, 0, 0, 1, '2015-12-25 11:54:24', '2015-10-18 21:00:00', 0, '', 27, 0, 0, 1, '0000-00-00 00:00:00', '', '', 3538800, 0),
(251, 'Ксения', 'Кирилловна', 'Соболева', 1, 11, 0, 8, 1, '2015-12-07 14:32:24', '2015-10-11 21:00:00', 0, '', 0, 0, 0, 1, '0000-00-00 00:00:00', '', '', 26773200, 349),
(252, 'Марина', 'Дмитриевна', 'Иванова', 2, 42, 0, 0, 1, '2015-12-07 14:32:24', '2015-10-07 21:00:00', 0, '', 0, 0, 0, 1, '0000-00-00 00:00:00', '', '', 23922000, 346),
(253, 'Юлиана', 'Владимировна', 'Шевченко', 2, 43, 0, 17, 1, '2015-12-07 14:32:24', '2015-10-11 21:00:00', 0, '', 0, 0, 0, 1, '0000-00-00 00:00:00', '', '', 16491600, 350),
(254, 'Любовь', 'Вадимовна', 'Киселева', 1, 12, 0, 0, 1, '2015-12-07 14:32:24', '2015-10-13 21:00:00', 0, '', 0, 0, 0, 1, '0000-00-00 00:00:00', '', '', 75600, 352),
(255, 'Никита', 'Евгеньевич', 'Гончаров', 1, 7, 0, 4, 1, '2015-12-07 14:32:24', '2015-10-12 21:00:00', 0, '', 0, 0, 0, 1, '0000-00-00 00:00:00', '', '', 14763600, 351),
(256, 'Дарья', 'Олеговна', 'Суворкина', 2, 45, 0, 0, 1, '2015-12-07 14:32:24', '2015-10-15 21:00:00', 0, '', 0, 0, 0, 1, '0000-00-00 00:00:00', '', '', 680400, 353),
(257, 'Александр', 'Григорьевич', 'Требников', 1, 6, 0, 2, 1, '2015-12-07 14:32:24', '2015-10-18 21:00:00', 0, '', 0, 0, 0, 1, '0000-00-00 00:00:00', '', '', 7592400, 355),
(258, 'Нина', 'Валериевна', 'Мухина', 2, 36, 0, 0, 1, '2015-12-07 14:32:24', '2015-10-18 21:00:00', 0, '', 0, 0, 0, 1, '0000-00-00 00:00:00', '', '', 24786000, 358),
(259, 'Анастасия', 'Сергеевна', 'Башкирова', 2, 44, 0, 0, 1, '2015-12-07 14:32:24', '2015-11-02 21:00:00', 0, '', 0, 0, 0, 1, '0000-00-00 00:00:00', '', '', 25045200, 356),
(260, 'Станислав', 'Васильевич', 'Куценко', 10, 0, 0, 0, 1, '2015-12-07 14:32:24', '2015-11-15 21:00:00', 0, '', 0, 0, 0, 2, '0000-00-00 00:00:00', '', '', 9838800, 359),
(261, 'Юлия', 'Владимировна', 'Голомолзина', 1, 0, 0, 0, 1, '2015-12-07 14:32:24', '2015-11-17 21:00:00', 0, '', 0, 0, 0, 6, '0000-00-00 00:00:00', '', '', 27032400, 360),
(262, 'Анастасия', 'Олеговна', 'Неведомская', 1, 0, 0, 0, 1, '2015-12-07 14:32:25', '2015-11-22 21:00:00', 0, '', 0, 0, 0, 10, '0000-00-00 00:00:00', '', '', 25909200, 361),
(263, 'Евгения', 'Ринатовна', 'Бильданова', 1, 65, 0, 0, 1, '2015-12-07 14:32:25', '2015-11-30 21:00:00', 0, '', 0, 0, 0, 1, '0000-00-00 00:00:00', '', '', 26946000, 362),
(264, 'Илья', 'Владимирович', 'Смирнов', 1, 25, 0, 0, 1, '2015-12-07 14:32:25', '2015-12-01 21:00:00', 0, '', 0, 0, 0, 2, '0000-00-00 00:00:00', '', '', 9320400, 363),
(265, 'Виктор', 'Иванович', 'Коршунов', 1, 34, 0, 0, 1, '2015-12-07 14:32:25', '2015-12-03 21:00:00', 0, '', 0, 0, 0, 1, '0000-00-00 00:00:00', '', '', 11998800, 364),
(266, 'Виктор', 'Иванович', 'Коршунов', 1, 34, 0, 0, 1, '2015-12-07 14:32:25', '2015-12-03 21:00:00', 0, '', 0, 0, 0, 1, '2015-12-02 21:00:00', '0', '', 11998800, 364),
(267, 'Петр', 'Петрович', 'Петров', 1, 1, 0, 0, 1, '2015-12-14 07:41:50', '2015-12-15 21:00:00', 0, '', 25, 0, 0, 1, '0000-00-00 00:00:00', '', '', 31446000, 365),
(268, 'Петров', 'Петро', 'Петровтри', 1, 1, 0, 0, 1, '2015-12-14 08:31:53', '2015-12-07 21:00:00', 0, '', 86, 0, 0, 1, '0000-00-00 00:00:00', '', '', 30754800, 366),
(269, 'Петр', 'Петр', 'Петровпять', 1, 1, 0, 0, 1, '2015-12-14 08:40:00', '2015-12-08 21:00:00', 0, '', 86, 0, 0, 1, '0000-00-00 00:00:00', '', '', 31446000, 367),
(270, 'Петров', 'Петр', 'Петровшесть', 1, 1, 0, 0, 1, '2015-12-14 08:43:00', '2015-12-08 21:00:00', 0, '', 86, 0, 0, 1, '0000-00-00 00:00:00', '', '', 30841200, 368),
(271, 'Петров', 'Петров', 'Петровдвдвд', 1, 0, 0, 0, 1, '2015-12-23 09:12:26', '2015-12-16 21:00:00', 0, '', 27, 0, 0, 1, '0000-00-00 00:00:00', '', '', 0, 369),
(272, 'Фылвол', 'Фывлол', 'ААОло', 1, 1, 0, 0, 1, '2015-12-23 09:37:21', '2015-12-08 21:00:00', 0, '', 27, 0, 0, 1, '0000-00-00 00:00:00', '', '', 29631600, 370),
(273, 'Аод', 'Фоыл', 'Петровки', 1, 1, 0, 0, 1, '2015-12-14 10:49:06', '2015-12-09 21:00:00', 0, '', 89, 0, 0, 1, '0000-00-00 00:00:00', '', '', 0, 371),
(274, 'Фывофлд', 'Фывофлд', 'Фывфоолд', 1, 1, 0, 0, 1, '2015-12-14 10:50:55', '2015-12-08 21:00:00', 0, '', 86, 0, 0, 1, '0000-00-00 00:00:00', '', '', 0, 372),
(275, 'Фывофлд', 'Фывофлд', 'Фывфоолд', 1, 1, 0, 0, 1, '2015-12-14 10:52:32', '2015-12-08 21:00:00', 0, '', 90, 0, 0, 1, '0000-00-00 00:00:00', '', '', 0, 373);
INSERT INTO `staff` (`staff_id`, `staff_name`, `staff_secondname`, `staff_lastname`, `staff_company_id`, `staff_depart_id`, `staff_dop_otdel`, `staff_group_id`, `staff_active`, `staff_formsignd`, `staff_enterdate`, `staff_ats`, `staff_mobnumber`, `staff_post`, `staff_dopcomp1`, `staff_dopcomp2`, `staff_location`, `staff_datedeactive`, `staff_typedeactive`, `staff_avatar`, `staff_dr`, `staff_profile_infoline`) VALUES
(276, 'Уггул', 'Угугл', 'УГгугл', 1, 1, 0, 0, 1, '2015-12-14 11:32:37', '2015-12-08 21:00:00', 0, '', 91, 0, 0, 1, '0000-00-00 00:00:00', '', '', 0, 374),
(277, 'Вовол', 'Волвол', 'Гугугмяк', 1, 2, 0, 0, 1, '2015-12-14 11:36:32', '2015-12-01 21:00:00', 0, '', 92, 0, 0, 1, '0000-00-00 00:00:00', '', '', 0, 375),
(278, 'Петроввовов', 'Петрововна', 'Петровна', 1, 1, 0, 0, 1, '2016-02-08 08:53:17', '2015-12-08 21:00:00', 0, '', 67, 0, 0, 1, '0000-00-00 00:00:00', '', '', 0, 376),
(279, 'Антоли', 'Георгиевич', 'Петрови', 1, 1, 0, 0, 1, '2015-12-14 12:10:04', '2015-12-08 21:00:00', 0, '', 27, 0, 0, 1, '0000-00-00 00:00:00', '', '', 30150000, 377),
(280, 'Анатоле', 'Антолия', 'Петеровов', 2, 33, 0, 0, 1, '2015-12-14 12:26:07', '2015-12-07 21:00:00', 0, '', 27, 0, 0, 1, '0000-00-00 00:00:00', '', '', 30927600, 378),
(281, 'Фывфыв', 'Фывфыв', 'Фывф', 1, 1, 0, 0, 0, '2015-12-22 15:42:49', '2015-12-22 21:00:00', 0, '', 25, 0, 0, 1, '0000-00-00 00:00:00', '', '', 30927600, 379),
(282, 'Фывфв', 'Фффф', 'Фывфвфыыыы', 1, 1, 0, 0, 0, '2015-12-22 15:45:03', '2015-12-23 21:00:00', 0, '', 25, 0, 0, 1, '0000-00-00 00:00:00', '', '', 0, 380),
(283, 'Иван', 'Анатолииевича', 'Звонько', 1, 1, 0, 0, 1, '2015-12-23 07:04:23', '2015-12-30 21:00:00', 0, '', 27, 0, 0, 1, '0000-00-00 00:00:00', '', '', 0, 381),
(284, 'Анатоле', 'Генадиевич', 'Фонеркин', 1, 1, 0, 0, 1, '2015-12-23 09:36:27', '2015-12-23 21:00:00', 0, '', 10, 0, 0, 1, '0000-00-00 00:00:00', '', '', 30063600, 382),
(285, 'Анотоле', 'Аоаоа', 'Амаркаев', 1, 1, 0, 0, 1, '2015-12-23 08:21:40', '2015-12-23 21:00:00', 0, '', 27, 0, 0, 1, '0000-00-00 00:00:00', '', '', 30668400, 383),
(286, 'Аоааол', 'Аоалол', 'Армакян', 1, 1, 0, 0, 1, '2015-12-23 08:40:42', '2015-12-23 21:00:00', 0, '', 25, 0, 0, 1, '0000-00-00 00:00:00', '', '', 30668400, 384),
(287, 'Ананатли', 'Флывод', 'Петренко', 1, 1, 0, 0, 1, '2015-12-23 09:30:41', '2015-12-13 21:00:00', 0, '', 98, 0, 0, 1, '0000-00-00 00:00:00', '', '', 30236400, 385),
(288, 'Андрюшин', 'Анатолией', 'Араниев', 1, 0, 0, 0, 0, '2016-02-08 08:30:22', '2016-02-08 21:00:00', 0, '', 67, 0, 0, 1, '0000-00-00 00:00:00', '', '', 950742000, 386),
(289, 'Шмунтик', 'Анатолиевич', 'Фунтик', 1, 1, 0, 0, 0, '2016-02-08 08:46:24', '2016-02-16 21:00:00', 0, '', 67, 0, 0, 1, '0000-00-00 00:00:00', '', '', 4057200, 387);

--
-- Индексы сохранённых таблиц
--

--
-- Индексы таблицы `comp`
--
ALTER TABLE `comp`
  ADD PRIMARY KEY (`comp_id`);

--
-- Индексы таблицы `company`
--
ALTER TABLE `company`
  ADD PRIMARY KEY (`company_id`);

--
-- Индексы таблицы `department`
--
ALTER TABLE `department`
  ADD PRIMARY KEY (`department_id`);

--
-- Индексы таблицы `groups`
--
ALTER TABLE `groups`
  ADD PRIMARY KEY (`gr_id`);

--
-- Индексы таблицы `inner_users`
--
ALTER TABLE `inner_users`
  ADD PRIMARY KEY (`user_id`),
  ADD UNIQUE KEY `user_login` (`user_login`);

--
-- Индексы таблицы `ip`
--
ALTER TABLE `ip`
  ADD PRIMARY KEY (`ip_id`);

--
-- Индексы таблицы `levels`
--
ALTER TABLE `levels`
  ADD PRIMARY KEY (`level_id`),
  ADD UNIQUE KEY `level_name` (`level_name`);

--
-- Индексы таблицы `location`
--
ALTER TABLE `location`
  ADD PRIMARY KEY (`location_id`);

--
-- Индексы таблицы `loging`
--
ALTER TABLE `loging`
  ADD PRIMARY KEY (`id`);

--
-- Индексы таблицы `operations`
--
ALTER TABLE `operations`
  ADD PRIMARY KEY (`oper_id`);

--
-- Индексы таблицы `postusers`
--
ALTER TABLE `postusers`
  ADD PRIMARY KEY (`post_id`),
  ADD UNIQUE KEY `post_name` (`post_name`);

--
-- Индексы таблицы `staff`
--
ALTER TABLE `staff`
  ADD PRIMARY KEY (`staff_id`);

--
-- AUTO_INCREMENT для сохранённых таблиц
--

--
-- AUTO_INCREMENT для таблицы `comp`
--
ALTER TABLE `comp`
  MODIFY `comp_id` int(25) NOT NULL AUTO_INCREMENT;
--
-- AUTO_INCREMENT для таблицы `company`
--
ALTER TABLE `company`
  MODIFY `company_id` int(10) NOT NULL AUTO_INCREMENT,AUTO_INCREMENT=11;
--
-- AUTO_INCREMENT для таблицы `department`
--
ALTER TABLE `department`
  MODIFY `department_id` int(11) NOT NULL AUTO_INCREMENT,AUTO_INCREMENT=71;
--
-- AUTO_INCREMENT для таблицы `groups`
--
ALTER TABLE `groups`
  MODIFY `gr_id` int(10) NOT NULL AUTO_INCREMENT,AUTO_INCREMENT=21;
--
-- AUTO_INCREMENT для таблицы `inner_users`
--
ALTER TABLE `inner_users`
  MODIFY `user_id` int(100) NOT NULL AUTO_INCREMENT,AUTO_INCREMENT=89;
--
-- AUTO_INCREMENT для таблицы `ip`
--
ALTER TABLE `ip`
  MODIFY `ip_id` int(11) NOT NULL AUTO_INCREMENT;
--
-- AUTO_INCREMENT для таблицы `levels`
--
ALTER TABLE `levels`
  MODIFY `level_id` int(100) NOT NULL AUTO_INCREMENT,AUTO_INCREMENT=5;
--
-- AUTO_INCREMENT для таблицы `location`
--
ALTER TABLE `location`
  MODIFY `location_id` int(10) NOT NULL AUTO_INCREMENT,AUTO_INCREMENT=18;
--
-- AUTO_INCREMENT для таблицы `loging`
--
ALTER TABLE `loging`
  MODIFY `id` int(11) NOT NULL AUTO_INCREMENT,AUTO_INCREMENT=352;
--
-- AUTO_INCREMENT для таблицы `operations`
--
ALTER TABLE `operations`
  MODIFY `oper_id` int(100) NOT NULL AUTO_INCREMENT,AUTO_INCREMENT=4;
--
-- AUTO_INCREMENT для таблицы `postusers`
--
ALTER TABLE `postusers`
  MODIFY `post_id` int(10) NOT NULL AUTO_INCREMENT,AUTO_INCREMENT=99;
--
-- AUTO_INCREMENT для таблицы `staff`
--
ALTER TABLE `staff`
  MODIFY `staff_id` int(10) NOT NULL AUTO_INCREMENT,AUTO_INCREMENT=290;
/*!40101 SET CHARACTER_SET_CLIENT=@OLD_CHARACTER_SET_CLIENT */;
/*!40101 SET CHARACTER_SET_RESULTS=@OLD_CHARACTER_SET_RESULTS */;
/*!40101 SET COLLATION_CONNECTION=@OLD_COLLATION_CONNECTION */;
